order_id,product_id,quantity,price,Revenue,customer_id,order_date,status,year,month
290,18,2,93,186,256,2024-08-26,Completed,2024,8
290,20,4,102,408,256,2024-08-26,Completed,2024,8
290,19,1,25,25,256,2024-08-26,Completed,2024,8
295,16,2,27,54,54,2024-06-25,Completed,2024,6
295,13,3,48,144,54,2024-06-25,Completed,2024,6
295,24,1,19,19,54,2024-06-25,Completed,2024,6
295,37,4,112,448,54,2024-06-25,Completed,2024,6
451,39,2,54,108,152,2024-04-22,Completed,2024,4
451,23,5,69,345,152,2024-04-22,Completed,2024,4
451,15,2,105,210,152,2024-04-22,Completed,2024,4
451,22,4,67,268,152,2024-04-22,Completed,2024,4
451,27,1,68,68,152,2024-04-22,Completed,2024,4
904,4,4,117,468,159,2024-10-08,Completed,2024,10
904,14,5,39,195,159,2024-10-08,Completed,2024,10
904,7,1,96,96,159,2024-10-08,Completed,2024,10
215,25,2,100,200,60,2024-12-04,Completed,2024,12
215,11,1,31,31,60,2024-12-04,Completed,2024,12
215,26,3,42,126,60,2024-12-04,Completed,2024,12
215,12,2,81,162,60,2024-12-04,Completed,2024,12
974,32,5,68,340,152,2024-02-16,Completed,2024,2
974,49,2,90,180,152,2024-02-16,Completed,2024,2
974,49,5,40,200,152,2024-02-16,Completed,2024,2
974,25,4,118,472,152,2024-02-16,Completed,2024,2
974,46,1,56,56,152,2024-02-16,Completed,2024,2
894,13,4,68,272,97,2024-08-11,Completed,2024,8
567,45,2,58,116,272,2024-03-12,Completed,2024,3
567,20,1,32,32,272,2024-03-12,Completed,2024,3
567,47,1,35,35,272,2024-03-12,Completed,2024,3
567,17,2,38,76,272,2024-03-12,Completed,2024,3
27,17,1,109,109,271,2024-12-14,Completed,2024,12
27,45,3,82,246,271,2024-12-14,Completed,2024,12
630,49,3,72,216,288,2024-06-26,Completed,2024,6
630,24,1,92,92,288,2024-06-26,Completed,2024,6
630,18,1,18,18,288,2024-06-26,Completed,2024,6
733,37,2,96,192,216,2024-01-14,Completed,2024,1
733,4,5,86,430,216,2024-01-14,Completed,2024,1
733,49,1,58,58,216,2024-01-14,Completed,2024,1
231,6,1,41,41,116,2024-09-22,Completed,2024,9
565,19,5,19,95,12,2024-04-26,Completed,2024,4
565,25,4,42,168,12,2024-04-26,Completed,2024,4
565,43,3,58,174,12,2024-04-26,Completed,2024,4
807,13,3,20,60,203,2024-11-01,Completed,2024,11
807,13,2,68,136,203,2024-11-01,Completed,2024,11
807,24,1,24,24,203,2024-11-01,Completed,2024,11
321,26,5,111,555,288,2024-07-17,Completed,2024,7
913,14,1,79,79,47,2024-10-30,Completed,2024,10
913,6,3,20,60,47,2024-10-30,Completed,2024,10
913,31,1,85,85,47,2024-10-30,Completed,2024,10
233,31,5,114,570,113,2024-07-17,Completed,2024,7
233,42,5,80,400,113,2024-07-17,Completed,2024,7
670,4,1,71,71,69,2024-02-06,Completed,2024,2
781,8,5,43,215,289,2024-09-07,Completed,2024,9
781,15,1,75,75,289,2024-09-07,Completed,2024,9
781,41,1,48,48,289,2024-09-07,Completed,2024,9
533,25,1,109,109,220,2024-09-30,Completed,2024,9
533,33,5,34,170,220,2024-09-30,Completed,2024,9
533,44,3,106,318,220,2024-09-30,Completed,2024,9
403,13,2,110,220,223,2024-02-09,Completed,2024,2
403,12,4,22,88,223,2024-02-09,Completed,2024,2
403,16,2,81,162,223,2024-02-09,Completed,2024,2
403,11,2,60,120,223,2024-02-09,Completed,2024,2
53,32,1,26,26,191,2024-08-10,Completed,2024,8
53,31,1,118,118,191,2024-08-10,Completed,2024,8
53,24,4,86,344,191,2024-08-10,Completed,2024,8
787,38,4,113,452,4,2024-10-11,Completed,2024,10
313,38,1,113,113,13,2024-11-14,Completed,2024,11
313,12,2,91,182,13,2024-11-14,Completed,2024,11
313,45,3,67,201,13,2024-11-14,Completed,2024,11
313,17,2,71,142,13,2024-11-14,Completed,2024,11
281,28,4,63,252,280,2024-02-08,Completed,2024,2
726,30,1,85,85,207,2024-01-02,Completed,2024,1
726,8,4,92,368,207,2024-01-02,Completed,2024,1
726,44,3,49,147,207,2024-01-02,Completed,2024,1
726,45,4,55,220,207,2024-01-02,Completed,2024,1
726,50,3,77,231,207,2024-01-02,Completed,2024,1
726,22,1,40,40,207,2024-01-02,Completed,2024,1
31,3,1,94,94,55,2024-09-03,Completed,2024,9
31,28,3,95,285,55,2024-09-03,Completed,2024,9
31,19,1,20,20,55,2024-09-03,Completed,2024,9
337,28,5,49,245,53,2024-09-15,Completed,2024,9
337,40,2,90,180,53,2024-09-15,Completed,2024,9
183,3,2,28,56,247,2024-03-13,Completed,2024,3
183,34,2,30,60,247,2024-03-13,Completed,2024,3
23,45,2,76,152,49,2024-03-27,Completed,2024,3
23,33,1,116,116,49,2024-03-27,Completed,2024,3
446,16,5,62,310,227,2024-10-21,Completed,2024,10
446,19,5,23,115,227,2024-10-21,Completed,2024,10
446,8,1,85,85,227,2024-10-21,Completed,2024,10
446,5,1,77,77,227,2024-10-21,Completed,2024,10
10,32,2,92,184,88,2024-04-22,Completed,2024,4
10,49,5,69,345,88,2024-04-22,Completed,2024,4
10,4,1,63,63,88,2024-04-22,Completed,2024,4
484,38,5,56,280,57,2024-09-26,Completed,2024,9
484,3,2,20,40,57,2024-09-26,Completed,2024,9
456,8,2,15,30,268,2024-12-19,Completed,2024,12
456,5,1,114,114,268,2024-12-19,Completed,2024,12
456,17,4,77,308,268,2024-12-19,Completed,2024,12
456,22,5,117,585,268,2024-12-19,Completed,2024,12
566,8,5,25,125,224,2024-12-09,Completed,2024,12
566,50,2,60,120,224,2024-12-09,Completed,2024,12
566,32,1,29,29,224,2024-12-09,Completed,2024,12
564,6,1,81,81,144,2024-08-01,Completed,2024,8
564,15,5,45,225,144,2024-08-01,Completed,2024,8
564,37,1,106,106,144,2024-08-01,Completed,2024,8
660,14,2,27,54,30,2024-08-08,Completed,2024,8
660,21,5,106,530,30,2024-08-08,Completed,2024,8
660,23,2,65,130,30,2024-08-08,Completed,2024,8
660,34,4,70,280,30,2024-08-08,Completed,2024,8
160,32,2,61,122,113,2024-07-05,Completed,2024,7
160,11,2,50,100,113,2024-07-05,Completed,2024,7
882,35,4,57,228,198,2024-12-09,Completed,2024,12
882,26,1,35,35,198,2024-12-09,Completed,2024,12
14,10,5,52,260,150,2024-11-14,Completed,2024,11
14,22,4,35,140,150,2024-11-14,Completed,2024,11
178,3,5,48,240,53,2024-08-31,Completed,2024,8
178,31,4,114,456,53,2024-08-31,Completed,2024,8
412,12,2,58,116,258,2024-04-01,Completed,2024,4
412,26,3,72,216,258,2024-04-01,Completed,2024,4
412,6,5,91,455,258,2024-04-01,Completed,2024,4
412,20,1,45,45,258,2024-04-01,Completed,2024,4
412,2,5,57,285,258,2024-04-01,Completed,2024,4
408,29,1,19,19,4,2024-08-03,Completed,2024,8
847,5,5,80,400,35,2024-10-15,Completed,2024,10
22,25,4,119,476,236,2024-06-10,Completed,2024,6
22,4,5,75,375,236,2024-06-10,Completed,2024,6
22,12,3,33,99,236,2024-06-10,Completed,2024,6
22,48,1,46,46,236,2024-06-10,Completed,2024,6
30,41,2,64,128,51,2024-11-08,Completed,2024,11
703,31,3,10,30,12,2024-11-30,Completed,2024,11
260,21,4,58,232,283,2024-07-01,Completed,2024,7
260,16,3,112,336,283,2024-07-01,Completed,2024,7
260,42,3,48,144,283,2024-07-01,Completed,2024,7
205,20,3,45,135,39,2024-10-31,Completed,2024,10
205,13,2,84,168,39,2024-10-31,Completed,2024,10
205,44,1,71,71,39,2024-10-31,Completed,2024,10
205,12,3,13,39,39,2024-10-31,Completed,2024,10
59,39,4,30,120,271,2024-05-30,Completed,2024,5
59,2,5,11,55,271,2024-05-30,Completed,2024,5
59,9,1,88,88,271,2024-05-30,Completed,2024,5
59,39,2,45,90,271,2024-05-30,Completed,2024,5
59,49,1,98,98,271,2024-05-30,Completed,2024,5
59,37,3,89,267,271,2024-05-30,Completed,2024,5
59,4,5,86,430,271,2024-05-30,Completed,2024,5
471,22,1,46,46,76,2024-07-14,Completed,2024,7
471,47,4,75,300,76,2024-07-14,Completed,2024,7
471,30,2,101,202,76,2024-07-14,Completed,2024,7
471,13,3,81,243,76,2024-07-14,Completed,2024,7
471,43,5,91,455,76,2024-07-14,Completed,2024,7
471,21,3,70,210,76,2024-07-14,Completed,2024,7
471,1,4,40,160,76,2024-07-14,Completed,2024,7
776,4,5,33,165,6,2024-02-13,Completed,2024,2
776,49,3,106,318,6,2024-02-13,Completed,2024,2
776,40,5,109,545,6,2024-02-13,Completed,2024,2
776,45,2,65,130,6,2024-02-13,Completed,2024,2
776,7,1,87,87,6,2024-02-13,Completed,2024,2
466,13,3,64,192,187,2024-02-29,Completed,2024,2
12,45,4,34,136,152,2024-08-09,Completed,2024,8
12,28,2,20,40,152,2024-08-09,Completed,2024,8
12,14,1,71,71,152,2024-08-09,Completed,2024,8
631,42,5,16,80,34,2024-12-13,Completed,2024,12
631,31,5,24,120,34,2024-12-13,Completed,2024,12
631,7,4,115,460,34,2024-12-13,Completed,2024,12
631,34,5,106,530,34,2024-12-13,Completed,2024,12
927,50,3,115,345,38,2024-04-26,Completed,2024,4
354,36,2,106,212,92,2024-08-03,Completed,2024,8
354,50,1,95,95,92,2024-08-03,Completed,2024,8
354,42,2,63,126,92,2024-08-03,Completed,2024,8
354,44,3,20,60,92,2024-08-03,Completed,2024,8
639,33,2,80,160,259,2024-07-26,Completed,2024,7
639,48,3,26,78,259,2024-07-26,Completed,2024,7
75,1,4,33,132,65,2024-09-17,Completed,2024,9
75,39,2,28,56,65,2024-09-17,Completed,2024,9
873,15,1,20,20,23,2024-05-11,Completed,2024,5
873,40,1,64,64,23,2024-05-11,Completed,2024,5
716,13,2,82,164,107,2024-08-12,Completed,2024,8
716,23,2,75,150,107,2024-08-12,Completed,2024,8
716,28,3,39,117,107,2024-08-12,Completed,2024,8
716,39,3,93,279,107,2024-08-12,Completed,2024,8
561,17,5,21,105,1,2024-01-09,Completed,2024,1
561,12,1,26,26,1,2024-01-09,Completed,2024,1
561,16,4,69,276,1,2024-01-09,Completed,2024,1
591,24,3,44,132,197,2024-06-08,Completed,2024,6
591,24,5,75,375,197,2024-06-08,Completed,2024,6
591,6,4,113,452,197,2024-06-08,Completed,2024,6
441,8,2,72,144,217,2024-12-21,Completed,2024,12
441,45,5,43,215,217,2024-12-21,Completed,2024,12
991,50,1,77,77,189,2024-06-02,Completed,2024,6
991,13,5,60,300,189,2024-06-02,Completed,2024,6
991,16,3,61,183,189,2024-06-02,Completed,2024,6
241,27,2,109,218,163,2024-05-16,Completed,2024,5
861,45,3,101,303,132,2024-06-09,Completed,2024,6
861,11,4,91,364,132,2024-06-09,Completed,2024,6
154,23,1,66,66,172,2024-05-28,Completed,2024,5
154,39,2,10,20,172,2024-05-28,Completed,2024,5
154,42,1,13,13,172,2024-05-28,Completed,2024,5
154,21,3,108,324,172,2024-05-28,Completed,2024,5
154,26,1,12,12,172,2024-05-28,Completed,2024,5
154,12,4,117,468,172,2024-05-28,Completed,2024,5
96,8,1,32,32,99,2024-01-14,Completed,2024,1
96,10,1,27,27,99,2024-01-14,Completed,2024,1
96,16,4,116,464,99,2024-01-14,Completed,2024,1
96,23,1,47,47,99,2024-01-14,Completed,2024,1
294,26,1,115,115,223,2024-03-05,Completed,2024,3
294,35,2,19,38,223,2024-03-05,Completed,2024,3
209,47,3,110,330,298,2024-11-06,Completed,2024,11
343,13,3,48,144,262,2024-08-02,Completed,2024,8
343,31,4,84,336,262,2024-08-02,Completed,2024,8
343,17,1,87,87,262,2024-08-02,Completed,2024,8
343,2,2,100,200,262,2024-08-02,Completed,2024,8
88,39,1,97,97,135,2024-04-29,Completed,2024,4
88,38,3,84,252,135,2024-04-29,Completed,2024,4
88,29,5,112,560,135,2024-04-29,Completed,2024,4
88,42,3,29,87,135,2024-04-29,Completed,2024,4
818,37,2,89,178,140,2024-10-27,Completed,2024,10
937,28,4,21,84,171,2024-10-01,Completed,2024,10
937,13,3,74,222,171,2024-10-01,Completed,2024,10
937,20,5,65,325,171,2024-10-01,Completed,2024,10
325,16,5,80,400,186,2024-03-12,Completed,2024,3
325,12,3,23,69,186,2024-03-12,Completed,2024,3
325,38,5,12,60,186,2024-03-12,Completed,2024,3
940,2,4,84,336,127,2024-02-21,Completed,2024,2
940,33,5,93,465,127,2024-02-21,Completed,2024,2
940,9,4,19,76,127,2024-02-21,Completed,2024,2
940,30,5,58,290,127,2024-02-21,Completed,2024,2
940,36,1,73,73,127,2024-02-21,Completed,2024,2
889,18,5,40,200,157,2024-07-17,Completed,2024,7
889,9,4,72,288,157,2024-07-17,Completed,2024,7
889,6,4,82,328,157,2024-07-17,Completed,2024,7
832,17,1,102,102,172,2024-10-16,Completed,2024,10
832,2,2,114,228,172,2024-10-16,Completed,2024,10
832,20,1,86,86,172,2024-10-16,Completed,2024,10
832,19,5,89,445,172,2024-10-16,Completed,2024,10
832,25,4,97,388,172,2024-10-16,Completed,2024,10
157,30,1,71,71,96,2024-01-11,Completed,2024,1
157,44,5,79,395,96,2024-01-11,Completed,2024,1
633,32,2,11,22,72,2024-03-24,Completed,2024,3
577,50,5,112,560,220,2024-06-14,Completed,2024,6
619,29,4,24,96,165,2024-11-12,Completed,2024,11
619,29,3,81,243,165,2024-11-12,Completed,2024,11
619,44,2,67,134,165,2024-11-12,Completed,2024,11
619,2,2,49,98,165,2024-11-12,Completed,2024,11
619,25,5,69,345,165,2024-11-12,Completed,2024,11
659,46,4,66,264,166,2024-06-21,Completed,2024,6
659,3,4,37,148,166,2024-06-21,Completed,2024,6
659,50,4,86,344,166,2024-06-21,Completed,2024,6
137,30,1,84,84,108,2024-09-24,Completed,2024,9
137,42,4,19,76,108,2024-09-24,Completed,2024,9
137,26,1,10,10,108,2024-09-24,Completed,2024,9
137,7,5,22,110,108,2024-09-24,Completed,2024,9
137,12,3,50,150,108,2024-09-24,Completed,2024,9
923,18,3,43,129,69,2024-01-21,Completed,2024,1
923,14,5,46,230,69,2024-01-21,Completed,2024,1
923,10,1,92,92,69,2024-01-21,Completed,2024,1
923,25,3,26,78,69,2024-01-21,Completed,2024,1
674,13,2,112,224,205,2024-02-28,Completed,2024,2
674,25,5,81,405,205,2024-02-28,Completed,2024,2
674,46,3,94,282,205,2024-02-28,Completed,2024,2
674,8,2,87,174,205,2024-02-28,Completed,2024,2
428,43,2,77,154,253,2024-01-07,Completed,2024,1
428,1,5,11,55,253,2024-01-07,Completed,2024,1
428,39,5,24,120,253,2024-01-07,Completed,2024,1
428,16,2,104,208,253,2024-01-07,Completed,2024,1
612,30,2,38,76,99,2024-03-30,Completed,2024,3
911,48,5,25,125,261,2024-01-12,Completed,2024,1
911,47,2,107,214,261,2024-01-12,Completed,2024,1
819,17,4,48,192,47,2024-11-03,Completed,2024,11
141,40,3,86,258,231,2024-07-08,Completed,2024,7
141,6,2,116,232,231,2024-07-08,Completed,2024,7
141,16,5,101,505,231,2024-07-08,Completed,2024,7
141,32,2,63,126,231,2024-07-08,Completed,2024,7
141,41,3,99,297,231,2024-07-08,Completed,2024,7
83,19,4,46,184,289,2024-12-29,Completed,2024,12
83,29,3,34,102,289,2024-12-29,Completed,2024,12
177,15,4,90,360,130,2024-08-14,Completed,2024,8
177,8,2,105,210,130,2024-08-14,Completed,2024,8
198,9,5,30,150,259,2024-06-20,Completed,2024,6
198,33,2,43,86,259,2024-06-20,Completed,2024,6
624,10,2,53,106,78,2024-12-24,Completed,2024,12
624,43,2,98,196,78,2024-12-24,Completed,2024,12
568,44,3,28,84,156,2024-03-04,Completed,2024,3
568,33,2,94,188,156,2024-03-04,Completed,2024,3
568,44,5,35,175,156,2024-03-04,Completed,2024,3
972,31,2,80,160,179,2024-06-21,Completed,2024,6
972,49,2,74,148,179,2024-06-21,Completed,2024,6
972,36,3,78,234,179,2024-06-21,Completed,2024,6
972,3,4,42,168,179,2024-06-21,Completed,2024,6
691,23,4,111,444,160,2024-12-29,Completed,2024,12
691,13,3,70,210,160,2024-12-29,Completed,2024,12
691,1,2,53,106,160,2024-12-29,Completed,2024,12
421,30,1,17,17,65,2024-12-10,Completed,2024,12
421,21,2,60,120,65,2024-12-10,Completed,2024,12
421,11,4,74,296,65,2024-12-10,Completed,2024,12
421,37,1,18,18,65,2024-12-10,Completed,2024,12
401,33,4,86,344,290,2024-02-09,Completed,2024,2
401,47,4,70,280,290,2024-02-09,Completed,2024,2
401,28,3,85,255,290,2024-02-09,Completed,2024,2
401,5,2,35,70,290,2024-02-09,Completed,2024,2
401,47,5,70,350,290,2024-02-09,Completed,2024,2
698,9,2,110,220,170,2024-09-06,Completed,2024,9
698,20,2,15,30,170,2024-09-06,Completed,2024,9
698,37,5,31,155,170,2024-09-06,Completed,2024,9
218,1,1,50,50,140,2024-03-21,Completed,2024,3
218,39,2,47,94,140,2024-03-21,Completed,2024,3
218,29,4,118,472,140,2024-03-21,Completed,2024,3
218,30,2,17,34,140,2024-03-21,Completed,2024,3
925,44,5,84,420,11,2024-12-01,Completed,2024,12
925,11,5,52,260,11,2024-12-01,Completed,2024,12
925,34,5,82,410,11,2024-12-01,Completed,2024,12
925,28,2,44,88,11,2024-12-01,Completed,2024,12
925,14,3,119,357,11,2024-12-01,Completed,2024,12
925,49,3,102,306,11,2024-12-01,Completed,2024,12
925,15,1,98,98,11,2024-12-01,Completed,2024,12
925,11,2,40,80,11,2024-12-01,Completed,2024,12
925,38,4,28,112,11,2024-12-01,Completed,2024,12
929,35,2,97,194,200,2024-10-07,Completed,2024,10
929,12,4,77,308,200,2024-10-07,Completed,2024,10
929,1,1,50,50,200,2024-10-07,Completed,2024,10
828,11,4,79,316,178,2024-12-23,Completed,2024,12
828,18,2,91,182,178,2024-12-23,Completed,2024,12
828,27,4,71,284,178,2024-12-23,Completed,2024,12
729,16,5,35,175,214,2024-02-10,Completed,2024,2
729,38,2,40,80,214,2024-02-10,Completed,2024,2
729,2,4,21,84,214,2024-02-10,Completed,2024,2
951,32,4,112,448,101,2024-01-02,Completed,2024,1
951,43,3,74,222,101,2024-01-02,Completed,2024,1
725,45,5,38,190,180,2024-11-29,Completed,2024,11
13,8,2,75,150,131,2024-06-14,Completed,2024,6
13,28,1,45,45,131,2024-06-14,Completed,2024,6
13,23,4,106,424,131,2024-06-14,Completed,2024,6
13,16,1,118,118,131,2024-06-14,Completed,2024,6
101,27,4,28,112,101,2024-12-24,Completed,2024,12
101,22,3,106,318,101,2024-12-24,Completed,2024,12
101,19,3,54,162,101,2024-12-24,Completed,2024,12
536,1,3,67,201,148,2024-01-27,Completed,2024,1
536,34,2,93,186,148,2024-01-27,Completed,2024,1
536,5,1,103,103,148,2024-01-27,Completed,2024,1
536,36,5,75,375,148,2024-01-27,Completed,2024,1
876,43,3,79,237,153,2024-03-22,Completed,2024,3
876,14,1,58,58,153,2024-03-22,Completed,2024,3
876,42,2,39,78,153,2024-03-22,Completed,2024,3
785,42,2,46,92,70,2024-01-20,Completed,2024,1
785,26,3,46,138,70,2024-01-20,Completed,2024,1
785,38,1,83,83,70,2024-01-20,Completed,2024,1
785,30,5,22,110,70,2024-01-20,Completed,2024,1
793,43,2,39,78,31,2024-02-28,Completed,2024,2
606,31,4,80,320,63,2024-04-25,Completed,2024,4
606,32,2,98,196,63,2024-04-25,Completed,2024,4
606,14,1,77,77,63,2024-04-25,Completed,2024,4
606,37,4,36,144,63,2024-04-25,Completed,2024,4
606,28,1,112,112,63,2024-04-25,Completed,2024,4
606,39,2,40,80,63,2024-04-25,Completed,2024,4
713,17,5,82,410,214,2024-01-18,Completed,2024,1
713,6,2,58,116,214,2024-01-18,Completed,2024,1
852,32,4,106,424,229,2024-02-22,Completed,2024,2
852,48,1,97,97,229,2024-02-22,Completed,2024,2
979,29,2,74,148,177,2024-08-07,Completed,2024,8
723,21,4,15,60,113,2024-10-24,Completed,2024,10
652,21,4,27,108,192,2024-10-27,Completed,2024,10
652,29,4,90,360,192,2024-10-27,Completed,2024,10
810,23,5,101,505,300,2024-02-08,Completed,2024,2
810,18,3,80,240,300,2024-02-08,Completed,2024,2
502,50,4,74,296,253,2024-04-08,Completed,2024,4
502,21,1,59,59,253,2024-04-08,Completed,2024,4
304,38,3,86,258,273,2024-03-13,Completed,2024,3
304,17,3,69,207,273,2024-03-13,Completed,2024,3
304,5,2,91,182,273,2024-03-13,Completed,2024,3
871,37,5,110,550,179,2024-04-07,Completed,2024,4
540,45,3,93,279,117,2024-04-02,Completed,2024,4
540,8,2,101,202,117,2024-04-02,Completed,2024,4
540,1,1,52,52,117,2024-04-02,Completed,2024,4
540,24,1,92,92,117,2024-04-02,Completed,2024,4
540,19,4,112,448,117,2024-04-02,Completed,2024,4
540,29,2,23,46,117,2024-04-02,Completed,2024,4
540,45,5,17,85,117,2024-04-02,Completed,2024,4
553,8,5,74,370,164,2024-01-15,Completed,2024,1
553,10,1,104,104,164,2024-01-15,Completed,2024,1
553,12,4,18,72,164,2024-01-15,Completed,2024,1
355,41,3,61,183,58,2024-01-03,Completed,2024,1
355,40,4,111,444,58,2024-01-03,Completed,2024,1
355,15,3,26,78,58,2024-01-03,Completed,2024,1
355,15,1,89,89,58,2024-01-03,Completed,2024,1
303,49,5,76,380,155,2024-07-11,Completed,2024,7
303,17,2,51,102,155,2024-07-11,Completed,2024,7
303,42,2,24,48,155,2024-07-11,Completed,2024,7
496,35,3,91,273,235,2024-03-19,Completed,2024,3
496,46,2,35,70,235,2024-03-19,Completed,2024,3
658,11,3,114,342,249,2024-12-21,Completed,2024,12
658,48,5,45,225,249,2024-12-21,Completed,2024,12
658,45,5,46,230,249,2024-12-21,Completed,2024,12
768,24,2,87,174,111,2024-10-10,Completed,2024,10
768,22,5,15,75,111,2024-10-10,Completed,2024,10
768,14,4,62,248,111,2024-10-10,Completed,2024,10
227,21,5,100,500,152,2024-12-30,Completed,2024,12
227,47,4,95,380,152,2024-12-30,Completed,2024,12
227,17,2,89,178,152,2024-12-30,Completed,2024,12
236,2,5,26,130,227,2024-09-06,Completed,2024,9
236,28,1,26,26,227,2024-09-06,Completed,2024,9
892,19,3,119,357,157,2024-04-02,Completed,2024,4
210,17,2,110,220,99,2024-10-29,Completed,2024,10
210,20,5,85,425,99,2024-10-29,Completed,2024,10
210,44,2,93,186,99,2024-10-29,Completed,2024,10
741,6,5,35,175,239,2024-01-28,Completed,2024,1
898,2,2,34,68,86,2024-12-20,Completed,2024,12
898,19,4,82,328,86,2024-12-20,Completed,2024,12
528,38,5,11,55,39,2024-06-11,Completed,2024,6
528,35,4,21,84,39,2024-06-11,Completed,2024,6
528,11,4,22,88,39,2024-06-11,Completed,2024,6
528,31,5,19,95,39,2024-06-11,Completed,2024,6
528,36,2,55,110,39,2024-06-11,Completed,2024,6
649,37,3,95,285,66,2024-03-27,Completed,2024,3
649,30,5,52,260,66,2024-03-27,Completed,2024,3
329,4,2,14,28,150,2024-11-05,Completed,2024,11
166,22,4,13,52,113,2024-02-24,Completed,2024,2
166,26,5,29,145,113,2024-02-24,Completed,2024,2
166,46,2,25,50,113,2024-02-24,Completed,2024,2
166,47,4,53,212,113,2024-02-24,Completed,2024,2
166,42,4,96,384,113,2024-02-24,Completed,2024,2
166,6,1,108,108,113,2024-02-24,Completed,2024,2
459,26,4,45,180,279,2024-12-30,Completed,2024,12
459,6,3,74,222,279,2024-12-30,Completed,2024,12
459,33,1,64,64,279,2024-12-30,Completed,2024,12
822,49,2,15,30,142,2024-01-08,Completed,2024,1
822,16,1,97,97,142,2024-01-08,Completed,2024,1
822,20,2,55,110,142,2024-01-08,Completed,2024,1
822,34,5,39,195,142,2024-01-08,Completed,2024,1
822,32,2,116,232,142,2024-01-08,Completed,2024,1
952,43,1,30,30,110,2024-03-17,Completed,2024,3
952,46,2,75,150,110,2024-03-17,Completed,2024,3
952,26,5,63,315,110,2024-03-17,Completed,2024,3
982,36,2,86,172,150,2024-09-27,Completed,2024,9
982,3,5,57,285,150,2024-09-27,Completed,2024,9
993,13,2,110,220,257,2024-10-19,Completed,2024,10
993,36,1,86,86,257,2024-10-19,Completed,2024,10
993,23,4,58,232,257,2024-10-19,Completed,2024,10
993,20,4,28,112,257,2024-10-19,Completed,2024,10
855,41,3,64,192,291,2024-12-26,Completed,2024,12
855,49,5,19,95,291,2024-12-26,Completed,2024,12
855,44,1,42,42,291,2024-12-26,Completed,2024,12
173,36,3,48,144,54,2024-09-06,Completed,2024,9
173,18,1,60,60,54,2024-09-06,Completed,2024,9
905,35,4,23,92,228,2024-11-23,Completed,2024,11
905,44,4,119,476,228,2024-11-23,Completed,2024,11
728,46,2,65,130,56,2024-11-20,Completed,2024,11
728,22,2,73,146,56,2024-11-20,Completed,2024,11
728,24,4,20,80,56,2024-11-20,Completed,2024,11
728,21,5,18,90,56,2024-11-20,Completed,2024,11
263,28,2,90,180,277,2024-01-15,Completed,2024,1
804,1,2,30,60,94,2024-10-25,Completed,2024,10
804,16,3,26,78,94,2024-10-25,Completed,2024,10
804,31,1,67,67,94,2024-10-25,Completed,2024,10
804,13,1,72,72,94,2024-10-25,Completed,2024,10
274,42,5,55,275,220,2024-09-07,Completed,2024,9
274,9,2,15,30,220,2024-09-07,Completed,2024,9
274,34,5,51,255,220,2024-09-07,Completed,2024,9
3,18,1,25,25,107,2024-05-23,Completed,2024,5
3,24,4,41,164,107,2024-05-23,Completed,2024,5
3,42,2,66,132,107,2024-05-23,Completed,2024,5
3,35,5,74,370,107,2024-05-23,Completed,2024,5
28,48,4,119,476,190,2024-01-08,Completed,2024,1
326,40,2,25,50,63,2024-05-27,Completed,2024,5
326,4,3,30,90,63,2024-05-27,Completed,2024,5
326,8,5,119,595,63,2024-05-27,Completed,2024,5
149,12,3,38,114,198,2024-11-02,Completed,2024,11
438,50,2,12,24,196,2024-06-06,Completed,2024,6
438,49,4,33,132,196,2024-06-06,Completed,2024,6
438,23,1,40,40,196,2024-06-06,Completed,2024,6
438,49,3,95,285,196,2024-06-06,Completed,2024,6
65,4,2,98,196,208,2024-07-06,Completed,2024,7
65,20,5,46,230,208,2024-07-06,Completed,2024,7
65,38,5,114,570,208,2024-07-06,Completed,2024,7
65,16,4,52,208,208,2024-07-06,Completed,2024,7
356,38,5,28,140,229,2024-06-08,Completed,2024,6
356,24,2,77,154,229,2024-06-08,Completed,2024,6
252,27,3,75,225,176,2024-05-31,Completed,2024,5
252,28,4,54,216,176,2024-05-31,Completed,2024,5
252,15,3,70,210,176,2024-05-31,Completed,2024,5
525,16,1,83,83,91,2024-02-27,Completed,2024,2
525,26,2,33,66,91,2024-02-27,Completed,2024,2
525,45,4,97,388,91,2024-02-27,Completed,2024,2
525,6,2,58,116,91,2024-02-27,Completed,2024,2
49,31,2,31,62,2,2024-04-29,Completed,2024,4
49,47,1,33,33,2,2024-04-29,Completed,2024,4
49,6,5,35,175,2,2024-04-29,Completed,2024,4
49,4,5,90,450,2,2024-04-29,Completed,2024,4
54,14,4,100,400,218,2024-11-06,Completed,2024,11
54,46,3,10,30,218,2024-11-06,Completed,2024,11
54,13,2,70,140,218,2024-11-06,Completed,2024,11
650,45,5,22,110,75,2024-01-12,Completed,2024,1
650,5,3,59,177,75,2024-01-12,Completed,2024,1
650,33,2,81,162,75,2024-01-12,Completed,2024,1
650,48,3,61,183,75,2024-01-12,Completed,2024,1
650,48,2,112,224,75,2024-01-12,Completed,2024,1
650,21,1,45,45,75,2024-01-12,Completed,2024,1
650,34,2,109,218,75,2024-01-12,Completed,2024,1
44,34,2,14,28,264,2024-10-17,Completed,2024,10
44,3,2,112,224,264,2024-10-17,Completed,2024,10
44,26,5,103,515,264,2024-10-17,Completed,2024,10
586,42,4,36,144,46,2024-06-27,Completed,2024,6
586,42,4,39,156,46,2024-06-27,Completed,2024,6
586,49,5,70,350,46,2024-06-27,Completed,2024,6
558,9,5,87,435,233,2024-08-23,Completed,2024,8
558,43,1,38,38,233,2024-08-23,Completed,2024,8
558,3,2,82,164,233,2024-08-23,Completed,2024,8
558,41,5,104,520,233,2024-08-23,Completed,2024,8
677,20,4,76,304,43,2024-08-30,Completed,2024,8
677,26,4,102,408,43,2024-08-30,Completed,2024,8
677,45,5,39,195,43,2024-08-30,Completed,2024,8
792,10,2,103,206,243,2024-09-01,Completed,2024,9
792,1,4,14,56,243,2024-09-01,Completed,2024,9
792,8,5,85,425,243,2024-09-01,Completed,2024,9
770,19,5,108,540,111,2024-04-16,Completed,2024,4
770,12,5,65,325,111,2024-04-16,Completed,2024,4
849,24,4,72,288,296,2024-05-26,Completed,2024,5
849,39,2,105,210,296,2024-05-26,Completed,2024,5
849,39,2,91,182,296,2024-05-26,Completed,2024,5
868,5,2,87,174,104,2024-03-17,Completed,2024,3
868,46,5,34,170,104,2024-03-17,Completed,2024,3
868,44,4,49,196,104,2024-03-17,Completed,2024,3
398,3,4,21,84,10,2024-07-04,Completed,2024,7
138,27,1,37,37,44,2024-08-24,Completed,2024,8
138,8,2,65,130,44,2024-08-24,Completed,2024,8
675,16,1,53,53,126,2024-05-10,Completed,2024,5
675,42,4,71,284,126,2024-05-10,Completed,2024,5
675,25,4,63,252,126,2024-05-10,Completed,2024,5
675,16,3,67,201,126,2024-05-10,Completed,2024,5
921,49,2,102,204,299,2024-10-28,Completed,2024,10
921,21,2,94,188,299,2024-10-28,Completed,2024,10
387,15,5,52,260,94,2024-11-11,Completed,2024,11
387,22,2,14,28,94,2024-11-11,Completed,2024,11
387,2,2,56,112,94,2024-11-11,Completed,2024,11
387,25,3,100,300,94,2024-11-11,Completed,2024,11
111,35,4,26,104,179,2024-08-02,Completed,2024,8
111,43,3,83,249,179,2024-08-02,Completed,2024,8
111,7,4,72,288,179,2024-08-02,Completed,2024,8
614,12,4,49,196,197,2024-05-01,Completed,2024,5
614,39,5,22,110,197,2024-05-01,Completed,2024,5
17,41,2,58,116,192,2024-02-24,Completed,2024,2
17,48,3,111,333,192,2024-02-24,Completed,2024,2
17,35,2,31,62,192,2024-02-24,Completed,2024,2
17,35,5,40,200,192,2024-02-24,Completed,2024,2
780,44,2,94,188,229,2024-04-17,Completed,2024,4
780,2,2,94,188,229,2024-04-17,Completed,2024,4
780,27,2,61,122,229,2024-04-17,Completed,2024,4
182,26,1,66,66,198,2024-06-02,Completed,2024,6
182,48,3,90,270,198,2024-06-02,Completed,2024,6
182,20,3,106,318,198,2024-06-02,Completed,2024,6
884,47,3,96,288,67,2024-03-29,Completed,2024,3
884,37,2,49,98,67,2024-03-29,Completed,2024,3
884,29,5,115,575,67,2024-03-29,Completed,2024,3
171,31,2,84,168,130,2024-11-07,Completed,2024,11
171,5,4,114,456,130,2024-11-07,Completed,2024,11
171,21,1,36,36,130,2024-11-07,Completed,2024,11
409,50,5,66,330,16,2024-05-26,Completed,2024,5
409,25,1,56,56,16,2024-05-26,Completed,2024,5
409,32,5,12,60,16,2024-05-26,Completed,2024,5
740,20,5,107,535,238,2024-12-10,Completed,2024,12
740,41,5,79,395,238,2024-12-10,Completed,2024,12
740,24,3,32,96,238,2024-12-10,Completed,2024,12
378,12,1,83,83,76,2024-09-17,Completed,2024,9
378,42,3,40,120,76,2024-09-17,Completed,2024,9
378,41,5,52,260,76,2024-09-17,Completed,2024,9
188,23,1,83,83,294,2024-08-04,Completed,2024,8
188,21,1,115,115,294,2024-08-04,Completed,2024,8
858,4,3,116,348,5,2024-07-10,Completed,2024,7
858,14,1,60,60,5,2024-07-10,Completed,2024,7
858,10,2,70,140,5,2024-07-10,Completed,2024,7
858,44,1,52,52,5,2024-07-10,Completed,2024,7
230,23,2,79,158,161,2024-10-14,Completed,2024,10
230,19,3,32,96,161,2024-10-14,Completed,2024,10
230,48,3,87,261,161,2024-10-14,Completed,2024,10
833,48,4,109,436,13,2024-07-11,Completed,2024,7
833,14,5,106,530,13,2024-07-11,Completed,2024,7
833,42,5,86,430,13,2024-07-11,Completed,2024,7
833,27,1,23,23,13,2024-07-11,Completed,2024,7
833,30,5,79,395,13,2024-07-11,Completed,2024,7
833,23,1,83,83,13,2024-07-11,Completed,2024,7
833,40,3,64,192,13,2024-07-11,Completed,2024,7
119,1,4,85,340,237,2024-12-21,Completed,2024,12
156,25,4,52,208,160,2024-10-22,Completed,2024,10
156,17,1,108,108,160,2024-10-22,Completed,2024,10
156,16,4,53,212,160,2024-10-22,Completed,2024,10
156,36,3,105,315,160,2024-10-22,Completed,2024,10
784,2,2,32,64,198,2024-10-19,Completed,2024,10
784,17,1,17,17,198,2024-10-19,Completed,2024,10
687,30,3,36,108,195,2024-01-24,Completed,2024,1
687,8,3,23,69,195,2024-01-24,Completed,2024,1
465,3,2,67,134,217,2024-11-14,Completed,2024,11
465,1,1,37,37,217,2024-11-14,Completed,2024,11
465,49,1,51,51,217,2024-11-14,Completed,2024,11
604,25,4,46,184,267,2024-08-20,Completed,2024,8
795,22,2,15,30,229,2024-06-09,Completed,2024,6
795,15,3,119,357,229,2024-06-09,Completed,2024,6
693,33,3,31,93,122,2024-05-31,Completed,2024,5
693,38,3,97,291,122,2024-05-31,Completed,2024,5
693,21,4,115,460,122,2024-05-31,Completed,2024,5
693,45,3,100,300,122,2024-05-31,Completed,2024,5
699,15,1,97,97,22,2024-04-26,Completed,2024,4
699,31,1,31,31,22,2024-04-26,Completed,2024,4
699,26,3,89,267,22,2024-04-26,Completed,2024,4
699,50,3,54,162,22,2024-04-26,Completed,2024,4
734,15,5,88,440,154,2024-08-18,Completed,2024,8
734,40,2,51,102,154,2024-08-18,Completed,2024,8
734,40,4,84,336,154,2024-08-18,Completed,2024,8
734,22,3,60,180,154,2024-08-18,Completed,2024,8
745,46,1,99,99,15,2024-09-17,Completed,2024,9
745,47,2,77,154,15,2024-09-17,Completed,2024,9
745,24,3,20,60,15,2024-09-17,Completed,2024,9
134,24,2,97,194,134,2024-08-06,Completed,2024,8
134,46,3,18,54,134,2024-08-06,Completed,2024,8
391,5,1,57,57,39,2024-04-23,Completed,2024,4
391,23,5,107,535,39,2024-04-23,Completed,2024,4
391,47,4,92,368,39,2024-04-23,Completed,2024,4
992,6,5,111,555,49,2024-12-12,Completed,2024,12
992,47,1,74,74,49,2024-12-12,Completed,2024,12
992,17,5,78,390,49,2024-12-12,Completed,2024,12
992,7,3,106,318,49,2024-12-12,Completed,2024,12
736,49,2,79,158,187,2024-05-09,Completed,2024,5
736,7,2,63,126,187,2024-05-09,Completed,2024,5
736,20,1,51,51,187,2024-05-09,Completed,2024,5
736,25,3,44,132,187,2024-05-09,Completed,2024,5
501,43,4,108,432,74,2024-01-04,Completed,2024,1
501,48,2,52,104,74,2024-01-04,Completed,2024,1
665,48,3,115,345,133,2024-11-02,Completed,2024,11
665,35,1,73,73,133,2024-11-02,Completed,2024,11
665,13,4,46,184,133,2024-11-02,Completed,2024,11
33,44,3,74,222,131,2024-09-11,Completed,2024,9
33,29,3,80,240,131,2024-09-11,Completed,2024,9
55,47,2,69,138,44,2024-01-07,Completed,2024,1
954,23,5,55,275,1,2024-03-30,Completed,2024,3
519,4,2,45,90,292,2024-10-29,Completed,2024,10
519,14,5,56,280,292,2024-10-29,Completed,2024,10
519,49,1,107,107,292,2024-10-29,Completed,2024,10
756,27,5,67,335,25,2024-09-22,Completed,2024,9
756,42,2,98,196,25,2024-09-22,Completed,2024,9
825,18,4,85,340,139,2024-09-20,Completed,2024,9
825,47,4,47,188,139,2024-09-20,Completed,2024,9
825,18,3,66,198,139,2024-09-20,Completed,2024,9
825,49,2,38,76,139,2024-09-20,Completed,2024,9
825,38,5,34,170,139,2024-09-20,Completed,2024,9
825,10,2,16,32,139,2024-09-20,Completed,2024,9
825,19,2,82,164,139,2024-09-20,Completed,2024,9
825,29,1,28,28,139,2024-09-20,Completed,2024,9
638,21,5,47,235,118,2024-03-24,Completed,2024,3
638,16,3,51,153,118,2024-03-24,Completed,2024,3
638,32,5,24,120,118,2024-03-24,Completed,2024,3
638,44,2,114,228,118,2024-03-24,Completed,2024,3
720,22,1,51,51,292,2024-04-09,Completed,2024,4
720,10,5,49,245,292,2024-04-09,Completed,2024,4
373,23,2,80,160,189,2024-11-27,Completed,2024,11
973,40,2,45,90,182,2024-12-27,Completed,2024,12
973,50,1,78,78,182,2024-12-27,Completed,2024,12
647,50,4,61,244,207,2024-01-14,Completed,2024,1
228,10,1,40,40,54,2024-01-26,Completed,2024,1
623,25,5,42,210,85,2024-03-13,Completed,2024,3
307,49,1,22,22,246,2024-05-19,Completed,2024,5
331,5,3,67,201,180,2024-11-25,Completed,2024,11
331,37,2,113,226,180,2024-11-25,Completed,2024,11
331,37,3,18,54,180,2024-11-25,Completed,2024,11
331,33,3,60,180,180,2024-11-25,Completed,2024,11
331,47,1,24,24,180,2024-11-25,Completed,2024,11
331,8,5,89,445,180,2024-11-25,Completed,2024,11
225,37,5,33,165,208,2024-05-22,Completed,2024,5
983,45,3,82,246,154,2024-01-10,Completed,2024,1
983,45,4,57,228,154,2024-01-10,Completed,2024,1
504,29,3,64,192,7,2024-09-27,Completed,2024,9
504,21,2,98,196,7,2024-09-27,Completed,2024,9
504,22,3,102,306,7,2024-09-27,Completed,2024,9
504,6,1,69,69,7,2024-09-27,Completed,2024,9
504,34,5,20,100,7,2024-09-27,Completed,2024,9
616,40,2,24,48,259,2024-04-15,Completed,2024,4
616,25,5,108,540,259,2024-04-15,Completed,2024,4
616,12,3,83,249,259,2024-04-15,Completed,2024,4
616,43,3,38,114,259,2024-04-15,Completed,2024,4
195,30,1,12,12,201,2024-05-10,Completed,2024,5
195,19,2,26,52,201,2024-05-10,Completed,2024,5
195,35,5,28,140,201,2024-05-10,Completed,2024,5
226,39,5,65,325,131,2024-02-28,Completed,2024,2
226,23,4,82,328,131,2024-02-28,Completed,2024,2
79,8,3,24,72,63,2024-08-13,Completed,2024,8
79,24,3,27,81,63,2024-08-13,Completed,2024,8
124,28,2,118,236,13,2024-06-01,Completed,2024,6
124,27,5,68,340,13,2024-06-01,Completed,2024,6
124,34,2,26,52,13,2024-06-01,Completed,2024,6
516,31,3,56,168,145,2024-08-23,Completed,2024,8
516,50,2,99,198,145,2024-08-23,Completed,2024,8
602,21,4,66,264,239,2024-08-12,Completed,2024,8
393,34,2,80,160,289,2024-10-27,Completed,2024,10
393,7,1,92,92,289,2024-10-27,Completed,2024,10
645,25,5,27,135,112,2024-07-06,Completed,2024,7
645,5,5,73,365,112,2024-07-06,Completed,2024,7
645,49,3,106,318,112,2024-07-06,Completed,2024,7
645,6,2,31,62,112,2024-07-06,Completed,2024,7
824,12,4,91,364,293,2024-05-08,Completed,2024,5
824,27,5,37,185,293,2024-05-08,Completed,2024,5
824,18,1,20,20,293,2024-05-08,Completed,2024,5
980,22,5,97,485,285,2024-01-26,Completed,2024,1
980,47,1,57,57,285,2024-01-26,Completed,2024,1
980,11,1,19,19,285,2024-01-26,Completed,2024,1
434,40,2,11,22,93,2024-01-31,Completed,2024,1
434,18,4,61,244,93,2024-01-31,Completed,2024,1
434,1,3,97,291,93,2024-01-31,Completed,2024,1
143,47,4,93,372,225,2024-02-15,Completed,2024,2
800,1,4,107,428,75,2024-06-29,Completed,2024,6
800,17,2,18,36,75,2024-06-29,Completed,2024,6
278,42,5,35,175,99,2024-09-30,Completed,2024,9
278,48,5,19,95,99,2024-09-30,Completed,2024,9
529,21,5,47,235,126,2024-11-15,Completed,2024,11
529,22,2,33,66,126,2024-11-15,Completed,2024,11
571,15,3,103,309,164,2024-03-12,Completed,2024,3
571,38,4,73,292,164,2024-03-12,Completed,2024,3
571,17,5,50,250,164,2024-03-12,Completed,2024,3
571,17,1,74,74,164,2024-03-12,Completed,2024,3
571,25,4,23,92,164,2024-03-12,Completed,2024,3
492,22,4,14,56,133,2024-01-07,Completed,2024,1
492,16,1,82,82,133,2024-01-07,Completed,2024,1
199,38,5,20,100,148,2024-04-11,Completed,2024,4
199,17,3,37,111,148,2024-04-11,Completed,2024,4
199,47,2,84,168,148,2024-04-11,Completed,2024,4
362,35,1,74,74,122,2024-03-08,Completed,2024,3
362,46,4,83,332,122,2024-03-08,Completed,2024,3
362,23,3,62,186,122,2024-03-08,Completed,2024,3
25,8,2,92,184,170,2024-10-14,Completed,2024,10
25,41,1,82,82,170,2024-10-14,Completed,2024,10
25,23,3,10,30,170,2024-10-14,Completed,2024,10
394,47,4,11,44,254,2024-08-11,Completed,2024,8
507,17,3,94,282,168,2024-03-15,Completed,2024,3
507,47,1,25,25,168,2024-03-15,Completed,2024,3
507,16,5,41,205,168,2024-03-15,Completed,2024,3
301,17,4,29,116,151,2024-10-19,Completed,2024,10
301,50,4,108,432,151,2024-10-19,Completed,2024,10
339,26,5,70,350,108,2024-01-05,Completed,2024,1
339,22,2,111,222,108,2024-01-05,Completed,2024,1
339,7,4,79,316,108,2024-01-05,Completed,2024,1
339,15,3,32,96,108,2024-01-05,Completed,2024,1
267,13,1,96,96,147,2024-06-09,Completed,2024,6
267,42,4,62,248,147,2024-06-09,Completed,2024,6
461,17,4,30,120,286,2024-11-21,Completed,2024,11
360,48,2,21,42,129,2024-03-29,Completed,2024,3
360,10,4,77,308,129,2024-03-29,Completed,2024,3
68,14,5,31,155,280,2024-10-29,Completed,2024,10
68,28,3,105,315,280,2024-10-29,Completed,2024,10
68,47,5,10,50,280,2024-10-29,Completed,2024,10
863,45,5,29,145,237,2024-03-29,Completed,2024,3
863,4,4,58,232,237,2024-03-29,Completed,2024,3
863,9,1,17,17,237,2024-03-29,Completed,2024,3
971,35,5,10,50,251,2024-06-20,Completed,2024,6
971,17,4,92,368,251,2024-06-20,Completed,2024,6
491,46,5,39,195,122,2024-08-14,Completed,2024,8
700,31,5,69,345,1,2024-12-19,Completed,2024,12
700,43,1,20,20,1,2024-12-19,Completed,2024,12
700,9,3,29,87,1,2024-12-19,Completed,2024,12
569,35,2,104,208,8,2024-07-23,Completed,2024,7
569,32,3,32,96,8,2024-07-23,Completed,2024,7
569,6,5,25,125,8,2024-07-23,Completed,2024,7
159,5,4,86,344,180,2024-04-22,Completed,2024,4
242,23,5,86,430,208,2024-06-24,Completed,2024,6
242,32,5,61,305,208,2024-06-24,Completed,2024,6
794,25,1,33,33,40,2024-11-20,Completed,2024,11
794,13,5,64,320,40,2024-11-20,Completed,2024,11
794,23,1,74,74,40,2024-11-20,Completed,2024,11
794,2,5,13,65,40,2024-11-20,Completed,2024,11
753,34,4,63,252,86,2024-09-26,Completed,2024,9
753,45,1,35,35,86,2024-09-26,Completed,2024,9
753,12,3,86,258,86,2024-09-26,Completed,2024,9
753,42,4,84,336,86,2024-09-26,Completed,2024,9
753,8,1,80,80,86,2024-09-26,Completed,2024,9
5,47,4,75,300,189,2024-01-18,Completed,2024,1
596,5,5,89,445,5,2024-05-27,Completed,2024,5
596,9,1,42,42,5,2024-05-27,Completed,2024,5
596,26,2,73,146,5,2024-05-27,Completed,2024,5
596,32,5,105,525,5,2024-05-27,Completed,2024,5
820,26,4,47,188,1,2024-12-01,Completed,2024,12
361,20,4,119,476,58,2024-11-24,Completed,2024,11
361,20,1,17,17,58,2024-11-24,Completed,2024,11
248,6,5,84,420,135,2024-04-12,Completed,2024,4
248,29,2,59,118,135,2024-04-12,Completed,2024,4
248,49,3,21,63,135,2024-04-12,Completed,2024,4
248,48,4,11,44,135,2024-04-12,Completed,2024,4
673,18,2,44,88,53,2024-12-26,Completed,2024,12
422,17,2,38,76,168,2024-06-29,Completed,2024,6
738,14,2,90,180,3,2024-11-21,Completed,2024,11
15,13,3,67,201,258,2024-05-11,Completed,2024,5
573,44,4,48,192,136,2024-09-30,Completed,2024,9
573,4,2,81,162,136,2024-09-30,Completed,2024,9
573,40,4,116,464,136,2024-09-30,Completed,2024,9
573,13,2,44,88,136,2024-09-30,Completed,2024,9
573,30,5,12,60,136,2024-09-30,Completed,2024,9
122,15,5,51,255,29,2024-01-17,Completed,2024,1
122,23,3,58,174,29,2024-01-17,Completed,2024,1
277,19,1,37,37,6,2024-05-20,Completed,2024,5
277,6,2,88,176,6,2024-05-20,Completed,2024,5
277,34,1,55,55,6,2024-05-20,Completed,2024,5
453,47,5,52,260,190,2024-01-17,Completed,2024,1
453,16,5,86,430,190,2024-01-17,Completed,2024,1
453,26,5,95,475,190,2024-01-17,Completed,2024,1
590,36,3,56,168,256,2024-02-15,Completed,2024,2
714,35,3,51,153,239,2024-02-09,Completed,2024,2
714,29,3,98,294,239,2024-02-09,Completed,2024,2
714,9,4,30,120,239,2024-02-09,Completed,2024,2
302,32,2,103,206,127,2024-06-01,Completed,2024,6
302,33,4,66,264,127,2024-06-01,Completed,2024,6
909,48,4,41,164,157,2024-06-02,Completed,2024,6
909,21,2,102,204,157,2024-06-02,Completed,2024,6
909,33,1,53,53,157,2024-06-02,Completed,2024,6
223,44,4,41,164,99,2024-03-29,Completed,2024,3
223,47,3,74,222,99,2024-03-29,Completed,2024,3
223,17,1,105,105,99,2024-03-29,Completed,2024,3
93,43,2,65,130,62,2024-07-27,Completed,2024,7
93,6,3,37,111,62,2024-07-27,Completed,2024,7
93,23,4,102,408,62,2024-07-27,Completed,2024,7
93,15,5,68,340,62,2024-07-27,Completed,2024,7
93,38,4,55,220,62,2024-07-27,Completed,2024,7
93,44,5,60,300,62,2024-07-27,Completed,2024,7
520,50,4,115,460,70,2024-12-22,Completed,2024,12
520,30,1,91,91,70,2024-12-22,Completed,2024,12
520,13,5,94,470,70,2024-12-22,Completed,2024,12
493,35,3,90,270,163,2024-01-29,Completed,2024,1
493,17,5,23,115,163,2024-01-29,Completed,2024,1
161,13,5,80,400,52,2024-10-21,Completed,2024,10
161,35,1,95,95,52,2024-10-21,Completed,2024,10
161,16,3,90,270,52,2024-10-21,Completed,2024,10
752,14,3,100,300,231,2024-04-27,Completed,2024,4
333,48,1,31,31,271,2024-08-13,Completed,2024,8
333,2,2,42,84,271,2024-08-13,Completed,2024,8
50,15,2,43,86,54,2024-10-28,Completed,2024,10
50,25,3,115,345,54,2024-10-28,Completed,2024,10
50,50,1,51,51,54,2024-10-28,Completed,2024,10
582,28,5,93,465,201,2024-10-15,Completed,2024,10
582,34,1,17,17,201,2024-10-15,Completed,2024,10
681,16,2,62,124,151,2024-12-18,Completed,2024,12
681,6,2,28,56,151,2024-12-18,Completed,2024,12
681,43,4,72,288,151,2024-12-18,Completed,2024,12
681,20,1,114,114,151,2024-12-18,Completed,2024,12
272,4,4,92,368,17,2024-06-18,Completed,2024,6
272,31,3,44,132,17,2024-06-18,Completed,2024,6
560,32,5,77,385,143,2024-08-15,Completed,2024,8
560,40,4,74,296,143,2024-08-15,Completed,2024,8
560,40,3,53,159,143,2024-08-15,Completed,2024,8
560,4,5,72,360,143,2024-08-15,Completed,2024,8
560,28,3,55,165,143,2024-08-15,Completed,2024,8
560,49,4,73,292,143,2024-08-15,Completed,2024,8
696,45,2,18,36,5,2024-04-05,Completed,2024,4
332,24,3,115,345,170,2024-04-16,Completed,2024,4
139,15,3,52,156,286,2024-11-04,Completed,2024,11
139,38,1,25,25,286,2024-11-04,Completed,2024,11
139,9,5,56,280,286,2024-11-04,Completed,2024,11
357,43,3,48,144,117,2024-08-14,Completed,2024,8
357,50,1,91,91,117,2024-08-14,Completed,2024,8
601,31,2,82,164,224,2024-01-02,Completed,2024,1
601,25,3,45,135,224,2024-01-02,Completed,2024,1
311,2,1,16,16,247,2024-07-16,Completed,2024,7
311,8,3,93,279,247,2024-07-16,Completed,2024,7
870,8,3,89,267,288,2024-11-19,Completed,2024,11
870,12,4,112,448,288,2024-11-19,Completed,2024,11
978,44,4,25,100,161,2024-08-01,Completed,2024,8
883,30,2,46,92,134,2024-11-05,Completed,2024,11
883,40,3,107,321,134,2024-11-05,Completed,2024,11
883,16,2,39,78,134,2024-11-05,Completed,2024,11
797,10,1,90,90,223,2024-07-24,Completed,2024,7
125,18,2,99,198,160,2024-03-16,Completed,2024,3
125,36,3,115,345,160,2024-03-16,Completed,2024,3
811,39,4,70,280,133,2024-08-10,Completed,2024,8
811,15,3,27,81,133,2024-08-10,Completed,2024,8
245,34,4,42,168,68,2024-08-02,Completed,2024,8
245,2,4,117,468,68,2024-08-02,Completed,2024,8
245,33,4,52,208,68,2024-08-02,Completed,2024,8
848,43,4,75,300,1,2024-01-01,Completed,2024,1
848,3,2,79,158,1,2024-01-01,Completed,2024,1
450,45,3,39,117,96,2024-06-03,Completed,2024,6
450,25,5,84,420,96,2024-06-03,Completed,2024,6
450,13,1,98,98,96,2024-06-03,Completed,2024,6
450,32,4,117,468,96,2024-06-03,Completed,2024,6
930,23,1,29,29,23,2024-10-18,Completed,2024,10
930,22,1,33,33,23,2024-10-18,Completed,2024,10
247,5,2,69,138,277,2024-08-10,Completed,2024,8
247,19,5,50,250,277,2024-08-10,Completed,2024,8
247,43,4,81,324,277,2024-08-10,Completed,2024,8
247,45,5,80,400,277,2024-08-10,Completed,2024,8
247,23,3,89,267,277,2024-08-10,Completed,2024,8
478,4,4,13,52,69,2024-01-12,Completed,2024,1
352,29,5,46,230,120,2024-03-02,Completed,2024,3
352,35,5,52,260,120,2024-03-02,Completed,2024,3
996,23,4,13,52,215,2024-05-31,Completed,2024,5
495,6,4,86,344,221,2024-05-13,Completed,2024,5
495,20,5,32,160,221,2024-05-13,Completed,2024,5
495,23,1,11,11,221,2024-05-13,Completed,2024,5
427,18,4,27,108,95,2024-07-06,Completed,2024,7
39,15,4,97,388,14,2024-03-07,Completed,2024,3
39,43,5,115,575,14,2024-03-07,Completed,2024,3
39,34,5,28,140,14,2024-03-07,Completed,2024,3
39,46,3,73,219,14,2024-03-07,Completed,2024,3
593,40,5,75,375,286,2024-11-05,Completed,2024,11
593,22,3,91,273,286,2024-11-05,Completed,2024,11
593,5,1,84,84,286,2024-11-05,Completed,2024,11
187,32,5,57,285,255,2024-05-08,Completed,2024,5
187,10,1,61,61,255,2024-05-08,Completed,2024,5
754,10,5,92,460,126,2024-03-20,Completed,2024,3
754,37,1,68,68,126,2024-03-20,Completed,2024,3
754,16,3,40,120,126,2024-03-20,Completed,2024,3
754,22,2,89,178,126,2024-03-20,Completed,2024,3
854,20,5,82,410,286,2024-03-09,Completed,2024,3
86,48,5,44,220,41,2024-07-20,Completed,2024,7
86,10,5,95,475,41,2024-07-20,Completed,2024,7
613,32,3,18,54,6,2024-06-22,Completed,2024,6
613,42,2,15,30,6,2024-06-22,Completed,2024,6
512,4,4,24,96,5,2024-01-22,Completed,2024,1
512,44,1,42,42,5,2024-01-22,Completed,2024,1
255,19,5,78,390,158,2024-10-27,Completed,2024,10
981,32,3,31,93,63,2024-01-09,Completed,2024,1
981,21,2,34,68,63,2024-01-09,Completed,2024,1
764,35,5,96,480,109,2024-06-19,Completed,2024,6
872,22,2,80,160,125,2024-04-11,Completed,2024,4
872,25,5,22,110,125,2024-04-11,Completed,2024,4
322,1,2,65,130,215,2024-02-21,Completed,2024,2
322,5,3,12,36,215,2024-02-21,Completed,2024,2
603,11,2,100,200,177,2024-10-15,Completed,2024,10
603,25,1,89,89,177,2024-10-15,Completed,2024,10
603,18,3,85,255,177,2024-10-15,Completed,2024,10
790,13,2,114,228,137,2024-02-04,Completed,2024,2
790,7,4,30,120,137,2024-02-04,Completed,2024,2
790,14,2,94,188,137,2024-02-04,Completed,2024,2
790,47,2,64,128,137,2024-02-04,Completed,2024,2
790,34,2,26,52,137,2024-02-04,Completed,2024,2
155,3,3,43,129,152,2024-09-23,Completed,2024,9
155,43,2,114,228,152,2024-09-23,Completed,2024,9
155,9,5,42,210,152,2024-09-23,Completed,2024,9
349,12,3,18,54,158,2024-03-01,Completed,2024,3
546,5,1,102,102,173,2024-02-19,Completed,2024,2
499,47,4,67,268,76,2024-08-13,Completed,2024,8
499,4,2,65,130,76,2024-08-13,Completed,2024,8
499,24,1,118,118,76,2024-08-13,Completed,2024,8
499,27,4,99,396,76,2024-08-13,Completed,2024,8
499,37,3,10,30,76,2024-08-13,Completed,2024,8
129,23,5,23,115,284,2024-12-07,Completed,2024,12
129,44,1,115,115,284,2024-12-07,Completed,2024,12
129,29,2,41,82,284,2024-12-07,Completed,2024,12
129,19,3,67,201,284,2024-12-07,Completed,2024,12
672,30,3,45,135,262,2024-11-07,Completed,2024,11
672,14,3,34,102,262,2024-11-07,Completed,2024,11
605,28,4,88,352,282,2024-03-17,Completed,2024,3
605,18,4,33,132,282,2024-03-17,Completed,2024,3
835,48,5,45,225,130,2024-04-28,Completed,2024,4
835,45,5,115,575,130,2024-04-28,Completed,2024,4
835,6,5,60,300,130,2024-04-28,Completed,2024,4
404,25,5,94,470,250,2024-12-12,Completed,2024,12
404,11,3,70,210,250,2024-12-12,Completed,2024,12
404,1,5,66,330,250,2024-12-12,Completed,2024,12
404,7,5,19,95,250,2024-12-12,Completed,2024,12
629,10,3,37,111,260,2024-11-23,Completed,2024,11
629,6,3,88,264,260,2024-11-23,Completed,2024,11
611,46,2,89,178,105,2024-12-24,Completed,2024,12
625,30,4,95,380,1,2024-08-10,Completed,2024,8
359,41,2,85,170,127,2024-04-29,Completed,2024,4
718,35,2,113,226,61,2024-10-08,Completed,2024,10
718,40,4,79,316,61,2024-10-08,Completed,2024,10
685,10,4,110,440,184,2024-07-31,Completed,2024,7
685,45,4,86,344,184,2024-07-31,Completed,2024,7
685,19,2,37,74,184,2024-07-31,Completed,2024,7
91,21,5,48,240,33,2024-05-07,Completed,2024,5
91,3,5,63,315,33,2024-05-07,Completed,2024,5
961,7,1,48,48,291,2024-02-08,Completed,2024,2
114,17,5,30,150,241,2024-11-21,Completed,2024,11
114,31,3,113,339,241,2024-11-21,Completed,2024,11
769,2,3,74,222,34,2024-04-30,Completed,2024,4
769,17,5,76,380,34,2024-04-30,Completed,2024,4
877,18,5,69,345,145,2024-10-05,Completed,2024,10
877,47,2,62,124,145,2024-10-05,Completed,2024,10
628,16,2,29,58,205,2024-09-20,Completed,2024,9
628,30,5,59,295,205,2024-09-20,Completed,2024,9
628,36,3,22,66,205,2024-09-20,Completed,2024,9
628,40,4,13,52,205,2024-09-20,Completed,2024,9
266,18,3,96,288,284,2024-07-28,Completed,2024,7
266,37,1,21,21,284,2024-07-28,Completed,2024,7
266,15,4,93,372,284,2024-07-28,Completed,2024,7
315,35,1,114,114,173,2024-12-09,Completed,2024,12
315,14,1,86,86,173,2024-12-09,Completed,2024,12
315,16,1,103,103,173,2024-12-09,Completed,2024,12
315,38,5,31,155,173,2024-12-09,Completed,2024,12
715,26,3,43,129,56,2024-01-21,Completed,2024,1
715,35,3,50,150,56,2024-01-21,Completed,2024,1
41,16,1,119,119,265,2024-04-06,Completed,2024,4
41,1,1,81,81,265,2024-04-06,Completed,2024,4
105,6,5,57,285,218,2024-08-22,Completed,2024,8
901,44,5,42,210,123,2024-09-21,Completed,2024,9
901,31,1,42,42,123,2024-09-21,Completed,2024,9
901,14,2,57,114,123,2024-09-21,Completed,2024,9
890,43,4,107,428,289,2024-05-22,Completed,2024,5
890,13,3,63,189,289,2024-05-22,Completed,2024,5
890,38,5,116,580,289,2024-05-22,Completed,2024,5
193,47,4,112,448,144,2024-02-08,Completed,2024,2
193,14,5,115,575,144,2024-02-08,Completed,2024,2
193,46,2,73,146,144,2024-02-08,Completed,2024,2
193,2,1,42,42,144,2024-02-08,Completed,2024,2
256,26,1,89,89,38,2024-04-07,Completed,2024,4
256,4,5,80,400,38,2024-04-07,Completed,2024,4
256,34,2,26,52,38,2024-04-07,Completed,2024,4
256,6,1,25,25,38,2024-04-07,Completed,2024,4
947,15,2,104,208,297,2024-05-23,Completed,2024,5
947,17,1,31,31,297,2024-05-23,Completed,2024,5
947,25,4,110,440,297,2024-05-23,Completed,2024,5
947,44,5,22,110,297,2024-05-23,Completed,2024,5
661,8,3,32,96,247,2024-04-28,Completed,2024,4
661,47,3,82,246,247,2024-04-28,Completed,2024,4
661,27,2,96,192,247,2024-04-28,Completed,2024,4
282,46,2,26,52,181,2024-10-28,Completed,2024,10
282,34,4,68,272,181,2024-10-28,Completed,2024,10
109,13,1,23,23,15,2024-04-18,Completed,2024,4
109,23,4,78,312,15,2024-04-18,Completed,2024,4
109,32,5,103,515,15,2024-04-18,Completed,2024,4
109,7,2,85,170,15,2024-04-18,Completed,2024,4
552,8,1,70,70,229,2024-02-15,Completed,2024,2
405,26,2,40,80,147,2024-08-24,Completed,2024,8
405,34,4,92,368,147,2024-08-24,Completed,2024,8
132,36,3,82,246,45,2024-10-13,Completed,2024,10
874,29,4,17,68,63,2024-04-11,Completed,2024,4
84,47,5,30,150,261,2024-10-06,Completed,2024,10
84,11,2,97,194,261,2024-10-06,Completed,2024,10
84,27,2,119,238,261,2024-10-06,Completed,2024,10
399,12,4,86,344,246,2024-11-18,Completed,2024,11
399,18,2,15,30,246,2024-11-18,Completed,2024,11
221,16,4,79,316,9,2024-07-18,Completed,2024,7
221,24,1,58,58,9,2024-07-18,Completed,2024,7
368,7,4,26,104,118,2024-05-02,Completed,2024,5
368,10,1,46,46,118,2024-05-02,Completed,2024,5
147,45,3,84,252,233,2024-12-28,Completed,2024,12
147,20,3,112,336,233,2024-12-28,Completed,2024,12
112,37,5,29,145,63,2024-10-19,Completed,2024,10
112,2,1,35,35,63,2024-10-19,Completed,2024,10
112,33,2,83,166,63,2024-10-19,Completed,2024,10
112,45,2,73,146,63,2024-10-19,Completed,2024,10
615,29,2,57,114,133,2024-05-22,Completed,2024,5
615,11,4,35,140,133,2024-05-22,Completed,2024,5
924,15,1,11,11,148,2024-04-16,Completed,2024,4
924,40,1,87,87,148,2024-04-16,Completed,2024,4
924,42,4,53,212,148,2024-04-16,Completed,2024,4
494,36,3,46,138,215,2024-02-02,Completed,2024,2
494,26,2,83,166,215,2024-02-02,Completed,2024,2
494,23,3,56,168,215,2024-02-02,Completed,2024,2
505,47,4,10,40,174,2024-10-11,Completed,2024,10
505,19,5,37,185,174,2024-10-11,Completed,2024,10
505,33,3,71,213,174,2024-10-11,Completed,2024,10
505,6,5,35,175,174,2024-10-11,Completed,2024,10
836,19,1,109,109,84,2024-08-05,Completed,2024,8
836,11,5,114,570,84,2024-08-05,Completed,2024,8
836,24,5,32,160,84,2024-08-05,Completed,2024,8
271,42,3,34,102,49,2024-08-14,Completed,2024,8
271,22,2,23,46,49,2024-08-14,Completed,2024,8
271,7,5,64,320,49,2024-08-14,Completed,2024,8
995,21,1,12,12,141,2024-02-19,Completed,2024,2
897,27,4,95,380,196,2024-09-23,Completed,2024,9
897,19,1,68,68,196,2024-09-23,Completed,2024,9
897,43,2,101,202,196,2024-09-23,Completed,2024,9
707,29,1,96,96,218,2024-07-04,Completed,2024,7
367,20,4,85,340,126,2024-11-18,Completed,2024,11
367,27,1,90,90,126,2024-11-18,Completed,2024,11
367,7,4,89,356,126,2024-11-18,Completed,2024,11
280,25,4,83,332,37,2024-08-14,Completed,2024,8
40,36,3,52,156,242,2024-02-20,Completed,2024,2
40,45,1,15,15,242,2024-02-20,Completed,2024,2
40,9,5,13,65,242,2024-02-20,Completed,2024,2
40,26,3,63,189,242,2024-02-20,Completed,2024,2
164,32,5,31,155,113,2024-11-05,Completed,2024,11
164,25,2,90,180,113,2024-11-05,Completed,2024,11
164,41,2,53,106,113,2024-11-05,Completed,2024,11
994,16,4,79,316,224,2024-03-08,Completed,2024,3
994,18,1,99,99,224,2024-03-08,Completed,2024,3
989,18,4,11,44,118,2024-07-26,Completed,2024,7
4,30,1,41,41,72,2024-01-19,Completed,2024,1
953,23,2,85,170,182,2024-05-11,Completed,2024,5
433,34,3,10,30,264,2024-09-05,Completed,2024,9
433,28,1,27,27,264,2024-09-05,Completed,2024,9
433,31,2,88,176,264,2024-09-05,Completed,2024,9
181,43,4,57,228,160,2024-07-19,Completed,2024,7
181,19,2,55,110,160,2024-07-19,Completed,2024,7
181,47,5,42,210,160,2024-07-19,Completed,2024,7
181,15,1,18,18,160,2024-07-19,Completed,2024,7
581,36,3,53,159,145,2024-08-04,Completed,2024,8
254,39,5,83,415,238,2024-07-06,Completed,2024,7
254,42,1,68,68,238,2024-07-06,Completed,2024,7
830,38,4,78,312,261,2024-03-26,Completed,2024,3
830,29,4,20,80,261,2024-03-26,Completed,2024,3
830,18,2,51,102,261,2024-03-26,Completed,2024,3
830,4,5,78,390,261,2024-03-26,Completed,2024,3
680,20,2,83,166,249,2024-07-25,Completed,2024,7
680,4,4,72,288,249,2024-07-25,Completed,2024,7
680,29,4,32,128,249,2024-07-25,Completed,2024,7
934,37,4,39,156,210,2024-11-19,Completed,2024,11
934,21,5,18,90,210,2024-11-19,Completed,2024,11
85,22,4,82,328,231,2024-03-21,Completed,2024,3
317,4,1,119,119,264,2024-03-02,Completed,2024,3
317,28,1,42,42,264,2024-03-02,Completed,2024,3
317,45,4,85,340,264,2024-03-02,Completed,2024,3
212,29,4,40,160,252,2024-11-13,Completed,2024,11
212,4,3,77,231,252,2024-11-13,Completed,2024,11
212,8,2,91,182,252,2024-11-13,Completed,2024,11
515,44,4,51,204,136,2024-12-02,Completed,2024,12
515,12,5,95,475,136,2024-12-02,Completed,2024,12
515,6,4,117,468,136,2024-12-02,Completed,2024,12
384,34,2,77,154,220,2024-06-24,Completed,2024,6
384,13,4,107,428,220,2024-06-24,Completed,2024,6
384,39,1,89,89,220,2024-06-24,Completed,2024,6
342,42,4,70,280,196,2024-02-16,Completed,2024,2
844,7,1,99,99,236,2024-11-23,Completed,2024,11
844,30,5,41,205,236,2024-11-23,Completed,2024,11
844,12,4,59,236,236,2024-11-23,Completed,2024,11
38,4,1,112,112,89,2024-08-16,Completed,2024,8
38,28,1,67,67,89,2024-08-16,Completed,2024,8
38,41,1,42,42,89,2024-08-16,Completed,2024,8
511,19,4,26,104,194,2024-03-24,Completed,2024,3
511,5,1,53,53,194,2024-03-24,Completed,2024,3
511,20,5,30,150,194,2024-03-24,Completed,2024,3
420,42,2,28,56,268,2024-02-14,Completed,2024,2
420,36,3,78,234,268,2024-02-14,Completed,2024,2
420,33,3,72,216,268,2024-02-14,Completed,2024,2
420,14,4,104,416,268,2024-02-14,Completed,2024,2
751,30,5,60,300,273,2024-07-13,Completed,2024,7
751,41,2,30,60,273,2024-07-13,Completed,2024,7
751,24,3,21,63,273,2024-07-13,Completed,2024,7
169,31,4,79,316,113,2024-09-02,Completed,2024,9
965,35,2,72,144,90,2024-08-28,Completed,2024,8
965,9,5,91,455,90,2024-08-28,Completed,2024,8
826,19,4,89,356,259,2024-06-05,Completed,2024,6
826,24,5,53,265,259,2024-06-05,Completed,2024,6
306,31,2,39,78,299,2024-12-09,Completed,2024,12
702,2,2,113,226,233,2024-03-06,Completed,2024,3
537,2,2,80,160,1,2024-03-12,Completed,2024,3
537,26,3,46,138,1,2024-03-12,Completed,2024,3
537,3,4,27,108,1,2024-03-12,Completed,2024,3
411,24,4,65,260,247,2024-06-16,Completed,2024,6
206,32,3,98,294,129,2024-01-17,Completed,2024,1
206,7,4,25,100,129,2024-01-17,Completed,2024,1
206,39,2,14,28,129,2024-01-17,Completed,2024,1
206,36,3,78,234,129,2024-01-17,Completed,2024,1
185,16,4,28,112,184,2024-10-22,Completed,2024,10
185,33,4,66,264,184,2024-10-22,Completed,2024,10
185,2,5,69,345,184,2024-10-22,Completed,2024,10
382,16,3,40,120,185,2024-11-23,Completed,2024,11
382,18,1,32,32,185,2024-11-23,Completed,2024,11
379,39,2,51,102,154,2024-08-13,Completed,2024,8
379,49,4,64,256,154,2024-08-13,Completed,2024,8
47,31,5,50,250,81,2024-03-18,Completed,2024,3
47,9,5,99,495,81,2024-03-18,Completed,2024,3
551,1,2,56,112,252,2024-11-11,Completed,2024,11
213,7,2,75,150,144,2024-03-20,Completed,2024,3
213,14,4,67,268,144,2024-03-20,Completed,2024,3
310,26,3,25,75,170,2024-03-01,Completed,2024,3
968,50,2,37,74,210,2024-03-24,Completed,2024,3
968,39,4,32,128,210,2024-03-24,Completed,2024,3
799,33,4,86,344,220,2024-10-02,Completed,2024,10
799,35,2,32,64,220,2024-10-02,Completed,2024,10
202,28,1,94,94,148,2024-10-01,Completed,2024,10
202,3,5,74,370,148,2024-10-01,Completed,2024,10
32,32,5,41,205,244,2024-11-18,Completed,2024,11
32,10,3,74,222,244,2024-11-18,Completed,2024,11
443,1,2,63,126,249,2024-07-24,Completed,2024,7
443,7,5,42,210,249,2024-07-24,Completed,2024,7
443,4,3,19,57,249,2024-07-24,Completed,2024,7
767,28,2,81,162,228,2024-03-04,Completed,2024,3
767,3,2,16,32,228,2024-03-04,Completed,2024,3
521,7,4,50,200,252,2024-03-24,Completed,2024,3
480,24,2,105,210,25,2024-01-22,Completed,2024,1
480,30,4,105,420,25,2024-01-22,Completed,2024,1
480,9,2,42,84,25,2024-01-22,Completed,2024,1
480,19,2,25,50,25,2024-01-22,Completed,2024,1
480,45,5,78,390,25,2024-01-22,Completed,2024,1
436,50,3,114,342,115,2024-06-08,Completed,2024,6
436,50,4,106,424,115,2024-06-08,Completed,2024,6
81,2,1,89,89,81,2024-12-20,Completed,2024,12
194,28,1,50,50,97,2024-10-17,Completed,2024,10
194,23,3,80,240,97,2024-10-17,Completed,2024,10
783,32,2,38,76,277,2024-05-09,Completed,2024,5
783,36,2,44,88,277,2024-05-09,Completed,2024,5
783,6,5,95,475,277,2024-05-09,Completed,2024,5
783,1,4,11,44,277,2024-05-09,Completed,2024,5
423,42,5,29,145,43,2024-06-18,Completed,2024,6
891,40,4,23,92,231,2024-11-11,Completed,2024,11
891,45,1,95,95,231,2024-11-11,Completed,2024,11
891,27,2,53,106,231,2024-11-11,Completed,2024,11
891,32,3,34,102,231,2024-11-11,Completed,2024,11
1,13,4,58,232,103,2024-10-31,Completed,2024,10
407,41,4,63,252,257,2024-09-18,Completed,2024,9
167,47,3,67,201,81,2024-04-20,Completed,2024,4
418,20,4,39,156,179,2024-09-25,Completed,2024,9
763,50,2,34,68,233,2024-09-20,Completed,2024,9
763,34,2,93,186,233,2024-09-20,Completed,2024,9
477,27,5,28,140,144,2024-01-17,Completed,2024,1
477,46,5,82,410,144,2024-01-17,Completed,2024,1
340,26,5,12,60,5,2024-09-17,Completed,2024,9
340,40,3,52,156,5,2024-09-17,Completed,2024,9
340,18,1,86,86,5,2024-09-17,Completed,2024,9
340,7,2,61,122,5,2024-09-17,Completed,2024,9
880,9,3,18,54,104,2024-11-26,Completed,2024,11
880,31,3,55,165,104,2024-11-26,Completed,2024,11
192,48,3,85,255,240,2024-01-25,Completed,2024,1
192,23,3,12,36,240,2024-01-25,Completed,2024,1
192,13,5,107,535,240,2024-01-25,Completed,2024,1
963,2,2,20,40,244,2024-03-11,Completed,2024,3
963,28,1,97,97,244,2024-03-11,Completed,2024,3
963,23,3,105,315,244,2024-03-11,Completed,2024,3
963,46,3,109,327,244,2024-03-11,Completed,2024,3
963,11,1,54,54,244,2024-03-11,Completed,2024,3
474,1,4,29,116,206,2024-11-19,Completed,2024,11
474,4,3,19,57,206,2024-11-19,Completed,2024,11
128,31,5,84,420,86,2024-12-27,Completed,2024,12
128,35,5,34,170,86,2024-12-27,Completed,2024,12
128,27,4,23,92,86,2024-12-27,Completed,2024,12
914,2,1,17,17,173,2024-10-19,Completed,2024,10
914,21,4,101,404,173,2024-10-19,Completed,2024,10
914,49,5,20,100,173,2024-10-19,Completed,2024,10
369,29,4,13,52,48,2024-01-29,Completed,2024,1
369,26,5,102,510,48,2024-01-29,Completed,2024,1
369,22,1,19,19,48,2024-01-29,Completed,2024,1
369,13,4,13,52,48,2024-01-29,Completed,2024,1
851,15,1,36,36,267,2024-05-21,Completed,2024,5
851,12,5,13,65,267,2024-05-21,Completed,2024,5
851,45,3,65,195,267,2024-05-21,Completed,2024,5
851,37,3,21,63,267,2024-05-21,Completed,2024,5
43,12,2,53,106,92,2024-09-20,Completed,2024,9
43,27,2,108,216,92,2024-09-20,Completed,2024,9
43,4,1,12,12,92,2024-09-20,Completed,2024,9
419,28,1,111,111,101,2024-12-28,Completed,2024,12
419,38,1,67,67,101,2024-12-28,Completed,2024,12
78,39,1,103,103,136,2024-08-09,Completed,2024,8
801,21,3,57,171,4,2024-08-29,Completed,2024,8
270,10,5,100,500,192,2024-11-06,Completed,2024,11
701,14,2,61,122,133,2024-08-15,Completed,2024,8
900,18,1,77,77,5,2024-11-25,Completed,2024,11
900,37,1,32,32,5,2024-11-25,Completed,2024,11
902,22,1,85,85,118,2024-01-03,Completed,2024,1
902,19,4,24,96,118,2024-01-03,Completed,2024,1
902,20,3,26,78,118,2024-01-03,Completed,2024,1
902,17,4,84,336,118,2024-01-03,Completed,2024,1
945,45,2,57,114,29,2024-10-17,Completed,2024,10
945,27,2,74,148,29,2024-10-17,Completed,2024,10
945,49,1,69,69,29,2024-10-17,Completed,2024,10
945,31,3,82,246,29,2024-10-17,Completed,2024,10
168,36,5,35,175,187,2024-05-31,Completed,2024,5
336,25,2,101,202,264,2024-08-28,Completed,2024,8
336,39,3,45,135,264,2024-08-28,Completed,2024,8
336,26,4,118,472,264,2024-08-28,Completed,2024,8
1000,33,3,28,84,285,2024-06-15,Completed,2024,6
240,36,2,92,184,194,2024-01-07,Completed,2024,1
958,18,3,86,258,202,2024-12-16,Completed,2024,12
958,50,2,84,168,202,2024-12-16,Completed,2024,12
483,38,2,67,134,144,2024-11-01,Completed,2024,11
483,42,4,61,244,144,2024-11-01,Completed,2024,11
592,32,5,19,95,10,2024-03-20,Completed,2024,3
458,5,5,67,335,13,2024-12-09,Completed,2024,12
458,7,4,109,436,13,2024-12-09,Completed,2024,12
458,16,2,86,172,13,2024-12-09,Completed,2024,12
89,4,4,82,328,201,2024-02-28,Completed,2024,2
89,41,4,54,216,201,2024-02-28,Completed,2024,2
95,40,5,23,115,293,2024-07-27,Completed,2024,7
151,31,3,105,315,165,2024-10-18,Completed,2024,10
151,1,4,77,308,165,2024-10-18,Completed,2024,10
514,14,2,42,84,165,2024-07-13,Completed,2024,7
514,19,5,108,540,165,2024-07-13,Completed,2024,7
514,25,3,108,324,165,2024-07-13,Completed,2024,7
376,6,5,26,130,278,2024-02-09,Completed,2024,2
376,20,3,42,126,278,2024-02-09,Completed,2024,2
997,45,5,22,110,211,2024-01-19,Completed,2024,1
840,23,3,71,213,38,2024-05-15,Completed,2024,5
840,45,3,89,267,38,2024-05-15,Completed,2024,5
375,32,5,90,450,69,2024-01-09,Completed,2024,1
375,24,2,104,208,69,2024-01-09,Completed,2024,1
375,18,3,97,291,69,2024-01-09,Completed,2024,1
595,41,5,12,60,251,2024-04-01,Completed,2024,4
595,46,4,118,472,251,2024-04-01,Completed,2024,4
595,10,1,15,15,251,2024-04-01,Completed,2024,4
179,47,5,21,105,172,2024-12-02,Completed,2024,12
179,38,1,96,96,172,2024-12-02,Completed,2024,12
500,34,3,25,75,9,2024-10-11,Completed,2024,10
500,15,2,20,40,9,2024-10-11,Completed,2024,10
464,5,4,87,348,84,2024-08-11,Completed,2024,8
113,40,3,72,216,231,2024-03-15,Completed,2024,3
113,25,5,30,150,231,2024-03-15,Completed,2024,3
126,15,2,116,232,187,2024-03-27,Completed,2024,3
140,17,2,68,136,128,2024-06-21,Completed,2024,6
140,3,5,92,460,128,2024-06-21,Completed,2024,6
517,23,2,101,202,217,2024-04-01,Completed,2024,4
517,24,4,95,380,217,2024-04-01,Completed,2024,4
846,13,3,103,309,76,2024-10-28,Completed,2024,10
888,5,1,71,71,111,2024-03-16,Completed,2024,3
888,36,4,113,452,111,2024-03-16,Completed,2024,3
888,4,1,74,74,111,2024-03-16,Completed,2024,3
318,6,4,24,96,142,2024-11-28,Completed,2024,11
318,45,3,91,273,142,2024-11-28,Completed,2024,11
318,2,5,55,275,142,2024-11-28,Completed,2024,11
197,5,5,65,325,187,2024-04-17,Completed,2024,4
694,39,4,66,264,51,2024-02-19,Completed,2024,2
694,31,1,46,46,51,2024-02-19,Completed,2024,2
694,1,5,21,105,51,2024-02-19,Completed,2024,2
694,16,3,69,207,51,2024-02-19,Completed,2024,2
29,47,2,96,192,175,2024-11-16,Completed,2024,11
29,34,3,16,48,175,2024-11-16,Completed,2024,11
338,17,2,64,128,60,2024-09-18,Completed,2024,9
338,4,2,50,100,60,2024-09-18,Completed,2024,9
338,46,2,37,74,60,2024-09-18,Completed,2024,9
338,37,4,97,388,60,2024-09-18,Completed,2024,9
831,2,5,70,350,138,2024-06-23,Completed,2024,6
831,1,4,68,272,138,2024-06-23,Completed,2024,6
392,8,3,57,171,100,2024-02-09,Completed,2024,2
392,42,3,97,291,100,2024-02-09,Completed,2024,2
669,33,3,24,72,273,2024-05-29,Completed,2024,5
669,9,2,11,22,273,2024-05-29,Completed,2024,5
425,38,4,112,448,285,2024-07-09,Completed,2024,7
425,22,2,100,200,285,2024-07-09,Completed,2024,7
425,23,4,65,260,285,2024-07-09,Completed,2024,7
425,39,4,66,264,285,2024-07-09,Completed,2024,7
731,45,2,100,200,28,2024-11-11,Completed,2024,11
731,36,2,12,24,28,2024-11-11,Completed,2024,11
204,13,5,36,180,128,2024-02-13,Completed,2024,2
204,28,4,66,264,128,2024-02-13,Completed,2024,2
583,13,1,84,84,212,2024-04-11,Completed,2024,4
583,16,1,97,97,212,2024-04-11,Completed,2024,4
778,28,2,80,160,282,2024-06-04,Completed,2024,6
778,42,2,64,128,282,2024-06-04,Completed,2024,6
98,47,5,92,460,214,2024-02-09,Completed,2024,2
98,15,2,84,168,214,2024-02-09,Completed,2024,2
345,45,4,66,264,144,2024-01-09,Completed,2024,1
803,22,4,102,408,118,2024-09-07,Completed,2024,9
803,39,4,118,472,118,2024-09-07,Completed,2024,9
803,42,1,77,77,118,2024-09-07,Completed,2024,9
803,32,5,61,305,118,2024-09-07,Completed,2024,9
636,8,1,110,110,250,2024-09-07,Completed,2024,9
939,23,1,82,82,293,2024-11-29,Completed,2024,11
939,49,5,76,380,293,2024-11-29,Completed,2024,11
439,43,1,50,50,114,2024-02-08,Completed,2024,2
439,6,1,43,43,114,2024-02-08,Completed,2024,2
439,26,5,30,150,114,2024-02-08,Completed,2024,2
219,28,5,35,175,37,2024-08-02,Completed,2024,8
20,48,1,94,94,22,2024-10-14,Completed,2024,10
148,31,5,37,185,259,2024-07-11,Completed,2024,7
834,11,3,47,141,168,2024-11-06,Completed,2024,11
834,14,4,101,404,168,2024-11-06,Completed,2024,11
834,42,5,76,380,168,2024-11-06,Completed,2024,11
834,18,2,33,66,168,2024-11-06,Completed,2024,11
309,34,2,74,148,39,2024-10-19,Completed,2024,10
309,42,4,107,428,39,2024-10-19,Completed,2024,10
802,43,1,27,27,134,2024-08-03,Completed,2024,8
802,43,4,22,88,134,2024-08-03,Completed,2024,8
802,44,2,48,96,134,2024-08-03,Completed,2024,8
918,19,1,72,72,243,2024-02-12,Completed,2024,2
918,41,4,111,444,243,2024-02-12,Completed,2024,2
719,38,1,22,22,26,2024-01-08,Completed,2024,1
719,21,2,29,58,26,2024-01-08,Completed,2024,1
481,1,1,88,88,53,2024-04-29,Completed,2024,4
481,47,1,78,78,53,2024-04-29,Completed,2024,4
258,25,2,19,38,51,2024-10-19,Completed,2024,10
258,39,4,62,248,51,2024-10-19,Completed,2024,10
985,43,1,84,84,49,2024-05-04,Completed,2024,5
821,46,1,71,71,90,2024-08-21,Completed,2024,8
821,45,4,87,348,90,2024-08-21,Completed,2024,8
662,13,5,117,585,106,2024-11-04,Completed,2024,11
662,18,2,103,206,106,2024-11-04,Completed,2024,11
662,41,4,30,120,106,2024-11-04,Completed,2024,11
662,27,3,12,36,106,2024-11-04,Completed,2024,11
284,23,2,59,118,99,2024-11-13,Completed,2024,11
449,45,3,71,213,36,2024-02-15,Completed,2024,2
449,46,3,88,264,36,2024-02-15,Completed,2024,2
881,23,4,98,392,39,2024-05-08,Completed,2024,5
881,9,4,101,404,39,2024-05-08,Completed,2024,5
881,11,3,99,297,39,2024-05-08,Completed,2024,5
7,43,1,58,58,103,2024-03-18,Completed,2024,3
7,16,3,98,294,103,2024-03-18,Completed,2024,3
237,14,3,114,342,112,2024-09-26,Completed,2024,9
237,7,5,100,500,112,2024-09-26,Completed,2024,9
46,35,5,108,540,206,2024-03-28,Completed,2024,3
618,30,3,28,84,53,2024-12-25,Completed,2024,12
928,28,5,32,160,134,2024-05-03,Completed,2024,5
928,23,3,37,111,134,2024-05-03,Completed,2024,5
928,6,4,98,392,134,2024-05-03,Completed,2024,5
176,16,2,59,118,126,2024-05-27,Completed,2024,5
657,30,1,42,42,286,2024-08-25,Completed,2024,8
842,29,2,11,22,95,2024-08-19,Completed,2024,8
690,25,4,99,396,93,2024-08-07,Completed,2024,8
690,29,3,11,33,93,2024-08-07,Completed,2024,8
127,23,2,99,198,243,2024-04-26,Completed,2024,4
127,25,4,61,244,243,2024-04-26,Completed,2024,4
915,7,3,43,129,130,2024-10-26,Completed,2024,10
915,14,5,98,490,130,2024-10-26,Completed,2024,10
377,33,3,96,288,247,2024-01-25,Completed,2024,1
757,4,4,74,296,145,2024-11-27,Completed,2024,11
757,3,1,21,21,145,2024-11-27,Completed,2024,11
737,8,2,112,224,7,2024-08-18,Completed,2024,8
366,24,1,96,96,96,2024-04-14,Completed,2024,4
366,11,5,87,435,96,2024-04-14,Completed,2024,4
366,11,4,25,100,96,2024-04-14,Completed,2024,4
296,27,4,75,300,58,2024-01-03,Completed,2024,1
296,43,4,43,172,58,2024-01-03,Completed,2024,1
296,4,3,106,318,58,2024-01-03,Completed,2024,1
296,16,3,79,237,58,2024-01-03,Completed,2024,1
203,32,5,28,140,199,2024-04-10,Completed,2024,4
61,14,2,33,66,252,2024-05-26,Completed,2024,5
61,12,5,87,435,252,2024-05-26,Completed,2024,5
61,5,2,31,62,252,2024-05-26,Completed,2024,5
314,16,3,68,204,36,2024-10-28,Completed,2024,10
314,16,2,65,130,36,2024-10-28,Completed,2024,10
314,28,2,24,48,36,2024-10-28,Completed,2024,10
314,31,1,90,90,36,2024-10-28,Completed,2024,10
314,31,4,89,356,36,2024-10-28,Completed,2024,10
503,39,1,82,82,230,2024-02-08,Completed,2024,2
503,14,3,89,267,230,2024-02-08,Completed,2024,2
550,26,2,74,148,203,2024-01-24,Completed,2024,1
550,7,2,116,232,203,2024-01-24,Completed,2024,1
275,39,4,104,416,158,2024-09-03,Completed,2024,9
319,30,1,72,72,143,2024-08-13,Completed,2024,8
319,47,3,28,84,143,2024-08-13,Completed,2024,8
589,30,3,110,330,82,2024-03-16,Completed,2024,3
750,26,5,62,310,39,2024-01-10,Completed,2024,1
490,23,2,63,126,223,2024-09-07,Completed,2024,9
490,41,1,40,40,223,2024-09-07,Completed,2024,9
490,14,2,106,212,223,2024-09-07,Completed,2024,9
857,8,1,114,114,165,2024-08-07,Completed,2024,8
857,5,3,25,75,165,2024-08-07,Completed,2024,8
956,19,4,48,192,149,2024-12-15,Completed,2024,12
796,37,4,37,148,36,2024-06-27,Completed,2024,6
865,18,2,39,78,89,2024-09-25,Completed,2024,9
549,37,1,76,76,213,2024-06-29,Completed,2024,6
549,39,2,53,106,213,2024-06-29,Completed,2024,6
853,37,2,110,220,270,2024-10-30,Completed,2024,10
853,50,2,56,112,270,2024-10-30,Completed,2024,10
445,30,5,85,425,192,2024-01-12,Completed,2024,1
445,35,4,118,472,192,2024-01-12,Completed,2024,1
363,39,2,18,36,1,2024-12-22,Completed,2024,12
363,50,2,15,30,1,2024-12-22,Completed,2024,12
123,9,2,112,224,36,2024-06-13,Completed,2024,6
742,12,1,101,101,274,2024-03-06,Completed,2024,3
742,13,2,80,160,274,2024-03-06,Completed,2024,3
335,44,5,95,475,101,2024-08-05,Completed,2024,8
335,41,5,74,370,101,2024-08-05,Completed,2024,8
335,3,2,50,100,101,2024-08-05,Completed,2024,8
92,18,2,33,66,48,2024-08-11,Completed,2024,8
92,15,1,97,97,48,2024-08-11,Completed,2024,8
530,3,2,60,120,173,2024-10-07,Completed,2024,10
530,23,4,89,356,173,2024-10-07,Completed,2024,10
63,43,4,99,396,296,2024-02-05,Completed,2024,2
772,31,4,116,464,236,2024-07-22,Completed,2024,7
875,49,4,79,316,143,2024-01-19,Completed,2024,1
823,6,3,116,348,38,2024-12-06,Completed,2024,12
385,14,1,18,18,69,2024-03-30,Completed,2024,3
21,22,3,104,312,253,2024-09-22,Completed,2024,9
444,19,2,106,212,164,2024-03-17,Completed,2024,3
444,15,4,66,264,164,2024-03-17,Completed,2024,3
312,28,4,104,416,26,2024-10-21,Completed,2024,10
52,13,3,24,72,260,2024-06-30,Completed,2024,6
856,29,2,15,30,213,2024-03-30,Completed,2024,3
856,35,2,82,164,213,2024-03-30,Completed,2024,3
856,32,2,105,210,213,2024-03-30,Completed,2024,3
814,8,4,107,428,212,2024-10-20,Completed,2024,10
814,6,2,96,192,212,2024-10-20,Completed,2024,10
622,45,4,82,328,145,2024-09-18,Completed,2024,9
622,4,3,46,138,145,2024-09-18,Completed,2024,9
622,34,2,102,204,145,2024-09-18,Completed,2024,9
6,15,3,52,156,21,2024-09-13,Completed,2024,9
547,38,3,60,180,149,2024-07-17,Completed,2024,7
261,49,1,33,33,27,2024-12-29,Completed,2024,12
426,37,3,35,105,12,2024-06-03,Completed,2024,6
87,44,4,54,216,28,2024-06-06,Completed,2024,6
976,16,3,117,351,180,2024-04-27,Completed,2024,4
976,50,4,35,140,180,2024-04-27,Completed,2024,4
285,25,2,118,236,188,2024-09-01,Completed,2024,9
239,17,5,70,350,153,2024-04-26,Completed,2024,4
239,18,5,115,575,153,2024-04-26,Completed,2024,4
239,3,2,109,218,153,2024-04-26,Completed,2024,4
239,21,5,48,240,153,2024-04-26,Completed,2024,4
599,46,1,77,77,65,2024-08-29,Completed,2024,8
919,6,4,58,232,292,2024-12-08,Completed,2024,12
919,36,2,111,222,292,2024-12-08,Completed,2024,12
597,18,5,36,180,119,2024-06-09,Completed,2024,6
485,43,2,27,54,39,2024-07-10,Completed,2024,7
485,9,3,33,99,39,2024-07-10,Completed,2024,7
485,8,5,100,500,39,2024-07-10,Completed,2024,7
485,1,1,28,28,39,2024-07-10,Completed,2024,7
18,18,4,70,280,277,2024-12-24,Completed,2024,12
758,32,1,77,77,13,2024-12-15,Completed,2024,12
758,5,2,40,80,13,2024-12-15,Completed,2024,12
758,1,3,95,285,13,2024-12-15,Completed,2024,12
758,14,4,77,308,13,2024-12-15,Completed,2024,12
634,34,1,99,99,39,2024-11-13,Completed,2024,11
115,3,1,19,19,52,2024-05-25,Completed,2024,5
234,16,3,50,150,104,2024-10-08,Completed,2024,10
234,49,1,40,40,104,2024-10-08,Completed,2024,10
11,48,4,39,156,100,2024-04-23,Completed,2024,4
11,6,5,81,405,100,2024-04-23,Completed,2024,4
664,10,5,118,590,81,2024-10-14,Completed,2024,10
330,35,3,80,240,58,2024-08-30,Completed,2024,8
936,39,2,100,200,104,2024-05-20,Completed,2024,5
936,17,1,69,69,104,2024-05-20,Completed,2024,5
936,32,5,10,50,104,2024-05-20,Completed,2024,5
71,40,1,37,37,188,2024-08-21,Completed,2024,8
71,22,3,41,123,188,2024-08-21,Completed,2024,8
103,35,3,33,99,257,2024-09-02,Completed,2024,9
251,40,2,111,222,33,2024-06-07,Completed,2024,6
765,21,2,103,206,146,2024-01-01,Completed,2024,1
380,43,1,13,13,144,2024-05-03,Completed,2024,5
380,29,2,87,174,144,2024-05-03,Completed,2024,5
144,43,5,38,190,283,2024-03-04,Completed,2024,3
144,22,1,78,78,283,2024-03-04,Completed,2024,3
364,45,4,30,120,239,2024-04-07,Completed,2024,4
364,3,4,73,292,239,2024-04-07,Completed,2024,4
429,27,1,40,40,242,2024-05-12,Completed,2024,5
429,30,2,55,110,242,2024-05-12,Completed,2024,5
899,27,3,46,138,10,2024-04-19,Completed,2024,4
899,4,5,36,180,10,2024-04-19,Completed,2024,4
899,21,5,29,145,10,2024-04-19,Completed,2024,4
942,31,3,87,261,92,2024-06-05,Completed,2024,6
942,1,4,42,168,92,2024-06-05,Completed,2024,6
57,26,2,78,156,202,2024-09-19,Completed,2024,9
232,40,1,67,67,75,2024-01-16,Completed,2024,1
435,45,3,41,123,90,2024-01-23,Completed,2024,1
534,28,1,83,83,126,2024-09-27,Completed,2024,9
534,7,2,28,56,126,2024-09-27,Completed,2024,9
292,50,2,10,20,18,2024-12-24,Completed,2024,12
732,6,4,42,168,78,2024-04-20,Completed,2024,4
532,35,1,39,39,242,2024-01-12,Completed,2024,1
532,33,4,37,148,242,2024-01-12,Completed,2024,1
960,33,2,66,132,154,2024-03-14,Completed,2024,3
960,12,3,119,357,154,2024-03-14,Completed,2024,3
323,24,1,56,56,51,2024-09-16,Completed,2024,9
572,34,2,115,230,90,2024-10-03,Completed,2024,10
859,9,5,38,190,78,2024-03-03,Completed,2024,3
859,27,3,12,36,78,2024-03-03,Completed,2024,3
62,33,4,65,260,190,2024-04-21,Completed,2024,4
62,28,1,89,89,190,2024-04-21,Completed,2024,4
348,40,5,45,225,106,2024-08-28,Completed,2024,8
482,25,1,58,58,151,2024-07-28,Completed,2024,7
48,6,2,59,118,50,2024-10-14,Completed,2024,10
48,34,4,38,152,50,2024-10-14,Completed,2024,10
136,48,3,66,198,28,2024-04-07,Completed,2024,4
201,43,2,59,118,147,2024-01-12,Completed,2024,1
201,47,3,92,276,147,2024-01-12,Completed,2024,1
211,45,2,73,146,263,2024-01-12,Completed,2024,1
211,15,5,98,490,263,2024-01-12,Completed,2024,1
211,32,4,27,108,263,2024-01-12,Completed,2024,1
704,9,2,89,178,46,2024-09-18,Completed,2024,9
442,18,2,101,202,277,2024-09-14,Completed,2024,9
442,15,1,88,88,277,2024-09-14,Completed,2024,9
400,2,4,24,96,100,2024-02-25,Completed,2024,2
400,44,2,66,132,100,2024-02-25,Completed,2024,2
727,29,3,103,309,127,2024-10-19,Completed,2024,10
789,42,2,95,190,152,2024-04-28,Completed,2024,4
576,45,1,83,83,28,2024-04-04,Completed,2024,4
470,48,3,55,165,233,2024-10-04,Completed,2024,10
955,2,1,61,61,55,2024-12-10,Completed,2024,12
955,29,5,13,65,55,2024-12-10,Completed,2024,12
386,23,3,98,294,47,2024-02-06,Completed,2024,2
395,29,2,63,126,222,2024-11-13,Completed,2024,11
730,31,1,39,39,14,2024-11-13,Completed,2024,11
396,50,1,111,111,23,2024-12-14,Completed,2024,12
371,20,2,31,62,237,2024-07-13,Completed,2024,7
371,7,3,27,81,237,2024-07-13,Completed,2024,7
222,20,2,35,70,233,2024-01-25,Completed,2024,1
222,28,1,92,92,233,2024-01-25,Completed,2024,1
903,35,2,47,94,294,2024-03-25,Completed,2024,3
999,19,2,18,36,158,2024-02-29,Completed,2024,2
975,36,4,84,336,25,2024-05-20,Completed,2024,5
975,41,3,14,42,25,2024-05-20,Completed,2024,5
388,30,4,89,356,238,2024-06-24,Completed,2024,6
887,25,5,115,575,15,2024-03-05,Completed,2024,3
838,16,4,117,468,273,2024-05-24,Completed,2024,5
984,47,3,81,243,156,2024-04-30,Completed,2024,4
70,27,3,16,48,252,2024-01-11,Completed,2024,1
893,10,2,18,36,38,2024-10-31,Completed,2024,10
893,32,1,99,99,38,2024-10-31,Completed,2024,10
217,46,2,40,80,254,2024-05-28,Completed,2024,5
56,24,3,42,126,162,2024-11-25,Completed,2024,11
56,1,4,98,392,162,2024-11-25,Completed,2024,11
744,28,2,42,84,227,2024-08-16,Completed,2024,8
77,26,3,56,168,129,2024-09-12,Completed,2024,9
264,30,3,116,348,286,2024-01-04,Completed,2024,1
264,22,1,12,12,286,2024-01-04,Completed,2024,1
276,1,5,59,295,46,2024-09-25,Completed,2024,9
276,1,3,92,276,46,2024-09-25,Completed,2024,9
276,20,5,97,485,46,2024-09-25,Completed,2024,9
276,35,1,81,81,46,2024-09-25,Completed,2024,9
957,4,4,21,84,137,2024-09-19,Completed,2024,9
365,1,1,45,45,290,2024-09-23,Completed,2024,9
655,7,5,64,320,294,2024-05-26,Completed,2024,5
655,9,2,42,84,294,2024-05-26,Completed,2024,5
253,23,2,26,52,22,2024-04-17,Completed,2024,4
926,35,4,30,120,254,2024-10-29,Completed,2024,10
926,7,5,101,505,254,2024-10-29,Completed,2024,10
415,35,4,41,164,178,2024-02-28,Completed,2024,2
695,18,1,62,62,277,2024-06-25,Completed,2024,6
695,7,5,13,65,277,2024-06-25,Completed,2024,6
383,34,3,67,201,285,2024-09-07,Completed,2024,9
383,22,1,46,46,285,2024-09-07,Completed,2024,9
683,40,2,68,136,95,2024-10-31,Completed,2024,10
562,17,4,114,456,54,2024-06-14,Completed,2024,6
722,2,2,76,152,8,2024-03-27,Completed,2024,3
64,9,4,60,240,213,2024-10-11,Completed,2024,10
64,48,4,11,44,213,2024-10-11,Completed,2024,10
839,5,5,111,555,265,2024-01-26,Completed,2024,1
430,46,3,106,318,35,2024-08-22,Completed,2024,8
654,33,3,86,258,226,2024-05-01,Completed,2024,5
643,41,5,118,590,222,2024-05-06,Completed,2024,5
184,6,3,22,66,203,2024-07-19,Completed,2024,7
184,3,2,18,36,203,2024-07-19,Completed,2024,7
94,34,3,107,321,216,2024-04-24,Completed,2024,4
805,24,1,70,70,62,2024-05-05,Completed,2024,5
805,1,1,71,71,62,2024-05-05,Completed,2024,5
805,16,5,115,575,62,2024-05-05,Completed,2024,5
538,37,2,118,236,190,2024-02-29,Completed,2024,2
587,43,5,70,350,35,2024-03-28,Completed,2024,3
986,3,1,78,78,84,2024-06-18,Completed,2024,6
747,46,1,47,47,119,2024-10-27,Completed,2024,10
931,27,4,99,396,218,2024-07-21,Completed,2024,7
607,30,1,18,18,217,2024-06-02,Completed,2024,6
885,29,1,115,115,179,2024-07-31,Completed,2024,7
743,41,1,12,12,294,2024-06-11,Completed,2024,6
268,1,4,33,132,4,2024-01-16,Completed,2024,1
350,17,4,30,120,147,2024-06-26,Completed,2024,6
358,1,2,110,220,279,2024-09-25,Completed,2024,9
808,40,4,115,460,26,2024-10-11,Completed,2024,10
110,17,1,93,93,42,2024-04-07,Completed,2024,4
60,15,5,65,325,215,2024-03-25,Completed,2024,3
637,14,3,46,138,162,2024-01-07,Completed,2024,1
36,32,3,36,108,167,2024-09-05,Completed,2024,9
486,7,1,28,28,109,2024-06-23,Completed,2024,6
424,44,2,65,130,44,2024-12-21,Completed,2024,12
238,26,4,42,168,99,2024-11-30,Completed,2024,11
145,33,2,101,202,121,2024-05-09,Completed,2024,5
777,29,3,36,108,180,2024-11-07,Completed,2024,11
845,33,1,64,64,137,2024-12-10,Completed,2024,12
